date,crude_oil_price,crude_oil_price_usd,currency,unit,gbp_to_usd_rate
1970-01-01,1.21,1.21,USD,USD per barrel,1.25
1970-02-01,1.21,1.21,USD,USD per barrel,1.25
1970-03-01,1.21,1.21,USD,USD per barrel,1.25
1970-04-01,1.21,1.21,USD,USD per barrel,1.25
1970-05-01,1.21,1.21,USD,USD per barrel,1.25
1970-06-01,1.21,1.21,USD,USD per barrel,1.25
1970-07-01,1.21,1.21,USD,USD per barrel,1.25
1970-08-01,1.21,1.21,USD,USD per barrel,1.25
1970-09-01,1.21,1.21,USD,USD per barrel,1.25
1970-10-01,1.21,1.21,USD,USD per barrel,1.25
1970-11-01,1.21,1.21,USD,USD per barrel,1.25
1970-12-01,1.21,1.21,USD,USD per barrel,1.25
1971-01-01,1.64,1.64,USD,USD per barrel,1.25
1971-02-01,1.64,1.64,USD,USD per barrel,1.25
1971-03-01,1.64,1.64,USD,USD per barrel,1.25
1971-04-01,1.64,1.64,USD,USD per barrel,1.25
1971-05-01,1.64,1.64,USD,USD per barrel,1.25
1971-06-01,1.64,1.64,USD,USD per barrel,1.25
1971-07-01,1.74,1.74,USD,USD per barrel,1.25
1971-08-01,1.74,1.74,USD,USD per barrel,1.25
1971-09-01,1.74,1.74,USD,USD per barrel,1.25
1971-10-01,1.74,1.74,USD,USD per barrel,1.25
1971-11-01,1.74,1.74,USD,USD per barrel,1.25
1971-12-01,1.74,1.74,USD,USD per barrel,1.25
1972-01-01,1.77,1.77,USD,USD per barrel,1.25
1972-02-01,1.77,1.77,USD,USD per barrel,1.25
1972-03-01,1.77,1.77,USD,USD per barrel,1.25
1972-04-01,1.77,1.77,USD,USD per barrel,1.25
1972-05-01,1.77,1.77,USD,USD per barrel,1.25
1972-06-01,1.77,1.77,USD,USD per barrel,1.25
1972-07-01,1.87,1.87,USD,USD per barrel,1.25
1972-08-01,1.87,1.87,USD,USD per barrel,1.25
1972-09-01,1.87,1.87,USD,USD per barrel,1.25
1972-10-01,1.87,1.87,USD,USD per barrel,1.25
1972-11-01,1.87,1.87,USD,USD per barrel,1.25
1972-12-01,1.87,1.87,USD,USD per barrel,1.25
1973-01-01,2.08,2.08,USD,USD per barrel,1.25
1973-02-01,2.08,2.08,USD,USD per barrel,1.25
1973-03-01,2.08,2.08,USD,USD per barrel,1.25
1973-04-01,2.35,2.35,USD,USD per barrel,1.25
1973-05-01,2.35,2.35,USD,USD per barrel,1.25
1973-06-01,2.35,2.35,USD,USD per barrel,1.25
1973-07-01,2.7,2.7,USD,USD per barrel,1.25
1973-08-01,2.7,2.7,USD,USD per barrel,1.25
1973-09-01,2.7,2.7,USD,USD per barrel,1.25
1973-10-01,4.1,4.1,USD,USD per barrel,1.25
1973-11-01,4.1,4.1,USD,USD per barrel,1.25
1973-12-01,4.1,4.1,USD,USD per barrel,1.25
1974-01-01,13.0,13.0,USD,USD per barrel,1.25
1974-02-01,13.0,13.0,USD,USD per barrel,1.25
1974-03-01,13.0,13.0,USD,USD per barrel,1.25
1974-04-01,10.59999847412,10.59999847412,USD,USD per barrel,1.25
1974-05-01,10.59999847412,10.59999847412,USD,USD per barrel,1.25
1974-06-01,10.59999847412,10.59999847412,USD,USD per barrel,1.25
1974-07-01,10.0,10.0,USD,USD per barrel,1.25
1974-08-01,10.0,10.0,USD,USD per barrel,1.25
1974-09-01,10.0,10.0,USD,USD per barrel,1.25
1974-10-01,10.29999923706,10.29999923706,USD,USD per barrel,1.25
1974-11-01,10.29999923706,10.29999923706,USD,USD per barrel,1.25
1974-12-01,10.29999923706,10.29999923706,USD,USD per barrel,1.25
1975-01-01,10.42000007629,10.42000007629,USD,USD per barrel,1.25
1975-02-01,10.42000007629,10.42000007629,USD,USD per barrel,1.25
1975-03-01,10.42000007629,10.42000007629,USD,USD per barrel,1.25
1975-04-01,10.42000007629,10.42000007629,USD,USD per barrel,1.25
1975-05-01,10.42000007629,10.42000007629,USD,USD per barrel,1.25
1975-06-01,10.42000007629,10.42000007629,USD,USD per barrel,1.25
1975-07-01,10.43000030518,10.43000030518,USD,USD per barrel,1.25
1975-08-01,10.43000030518,10.43000030518,USD,USD per barrel,1.25
1975-09-01,10.43000030518,10.43000030518,USD,USD per barrel,1.25
1975-10-01,10.46000003815,10.46000003815,USD,USD per barrel,1.25
1975-11-01,10.46000003815,10.46000003815,USD,USD per barrel,1.25
1975-12-01,10.46000003815,10.46000003815,USD,USD per barrel,1.25
1976-01-01,11.51000022888,11.51000022888,USD,USD per barrel,1.25
1976-02-01,11.51000022888,11.51000022888,USD,USD per barrel,1.25
1976-03-01,11.51000022888,11.51000022888,USD,USD per barrel,1.25
1976-04-01,11.51000022888,11.51000022888,USD,USD per barrel,1.25
1976-05-01,11.51000022888,11.51000022888,USD,USD per barrel,1.25
1976-06-01,11.51000022888,11.51000022888,USD,USD per barrel,1.25
1976-07-01,11.60000038147,11.60000038147,USD,USD per barrel,1.25
1976-08-01,11.60000038147,11.60000038147,USD,USD per barrel,1.25
1976-09-01,11.60000038147,11.60000038147,USD,USD per barrel,1.25
1976-10-01,11.89999961853,11.89999961853,USD,USD per barrel,1.25
1976-11-01,11.89999961853,11.89999961853,USD,USD per barrel,1.25
1976-12-01,11.89999961853,11.89999961853,USD,USD per barrel,1.25
1977-01-01,12.5,12.5,USD,USD per barrel,1.25
1977-02-01,12.5,12.5,USD,USD per barrel,1.25
1977-03-01,12.5,12.5,USD,USD per barrel,1.25
1977-04-01,12.44999980927,12.44999980927,USD,USD per barrel,1.25
1977-05-01,12.44999980927,12.44999980927,USD,USD per barrel,1.25
1977-06-01,12.44999980927,12.44999980927,USD,USD per barrel,1.25
1977-07-01,12.63000011444,12.63000011444,USD,USD per barrel,1.25
1977-08-01,12.63000011444,12.63000011444,USD,USD per barrel,1.25
1977-09-01,12.63000011444,12.63000011444,USD,USD per barrel,1.25
1977-10-01,12.68000030518,12.68000030518,USD,USD per barrel,1.25
1977-11-01,12.68000030518,12.68000030518,USD,USD per barrel,1.25
1977-12-01,12.68000030518,12.68000030518,USD,USD per barrel,1.25
1978-01-01,12.65999984741,12.65999984741,USD,USD per barrel,1.25
1978-02-01,12.65999984741,12.65999984741,USD,USD per barrel,1.25
1978-03-01,12.65999984741,12.65999984741,USD,USD per barrel,1.25
1978-04-01,12.68000030518,12.68000030518,USD,USD per barrel,1.25
1978-05-01,12.69999980927,12.69999980927,USD,USD per barrel,1.25
1978-06-01,12.72999954224,12.72999954224,USD,USD per barrel,1.25
1978-07-01,12.77000045776,12.77000045776,USD,USD per barrel,1.25
1978-08-01,12.78999996185,12.78999996185,USD,USD per barrel,1.25
1978-09-01,12.80000019073,12.80000019073,USD,USD per barrel,1.25
1978-10-01,12.85000038147,12.85000038147,USD,USD per barrel,1.25
1978-11-01,13.19999980927,13.19999980927,USD,USD per barrel,1.25
1978-12-01,14.5,14.5,USD,USD per barrel,1.25
1979-01-01,17.4500002861,17.4500002861,USD,USD per barrel,1.25
1979-02-01,20.75,20.75,USD,USD per barrel,1.25
1979-03-01,22.02499961853,22.02499961853,USD,USD per barrel,1.25
1979-04-01,22.42500019073,22.42500019073,USD,USD per barrel,1.25
1979-05-01,33.5,33.5,USD,USD per barrel,1.25
1979-06-01,34.67499923706,34.67499923706,USD,USD per barrel,1.25
1979-07-01,33.5,33.5,USD,USD per barrel,1.25
1979-08-01,34.0,34.0,USD,USD per barrel,1.25
1979-09-01,35.5,35.5,USD,USD per barrel,1.25
1979-10-01,37.25,37.25,USD,USD per barrel,1.25
1979-11-01,40.75,40.75,USD,USD per barrel,1.25
1979-12-01,39.75,39.75,USD,USD per barrel,1.25
1980-01-01,39.0,39.0,USD,USD per barrel,1.25
1980-02-01,37.25,37.25,USD,USD per barrel,1.25
1980-03-01,37.0,37.0,USD,USD per barrel,1.25
1980-04-01,36.57500076294,36.57500076294,USD,USD per barrel,1.25
1980-05-01,37.04999923706,37.04999923706,USD,USD per barrel,1.25
1980-06-01,37.0,37.0,USD,USD per barrel,1.25
1980-07-01,35.375,35.375,USD,USD per barrel,1.25
1980-08-01,32.94999885559,32.94999885559,USD,USD per barrel,1.25
1980-09-01,32.82500076294,32.82500076294,USD,USD per barrel,1.25
1980-10-01,37.35000038147,37.35000038147,USD,USD per barrel,1.25
1980-11-01,40.29999923706,40.29999923706,USD,USD per barrel,1.25
1980-12-01,39.75,39.75,USD,USD per barrel,1.25
1981-01-01,39.77499961853,39.77499961853,USD,USD per barrel,1.25
1981-02-01,37.89999961853,37.89999961853,USD,USD per barrel,1.25
1981-03-01,37.59999847412,37.59999847412,USD,USD per barrel,1.25
1981-04-01,36.36999893188,36.36999893188,USD,USD per barrel,1.25
1981-05-01,34.28499984741,34.28499984741,USD,USD per barrel,1.25
1981-06-01,32.70999908447,32.70999908447,USD,USD per barrel,1.25
1981-07-01,33.51000022888,33.51000022888,USD,USD per barrel,1.25
1981-08-01,33.984998703,33.984998703,USD,USD per barrel,1.25
1981-09-01,33.98500061035,33.98500061035,USD,USD per barrel,1.25
1981-10-01,34.61000061035,34.61000061035,USD,USD per barrel,1.25
1981-11-01,35.68000030518,35.68000030518,USD,USD per barrel,1.25
1981-12-01,35.40999984741,35.40999984741,USD,USD per barrel,1.25
1982-01-01,35.04999949137,35.04999949137,USD,USD per barrel,1.25
1982-02-01,32.27333348592,32.27333348592,USD,USD per barrel,1.25
1982-03-01,30.16666653951,30.16666653951,USD,USD per barrel,1.25
1982-04-01,31.56666603088,31.56666603088,USD,USD per barrel,1.25
1982-05-01,33.04333292643,33.04333292643,USD,USD per barrel,1.25
1982-06-01,32.76666666667,32.76666666667,USD,USD per barrel,1.25
1982-07-01,32.91666717529,32.91666717529,USD,USD per barrel,1.25
1982-08-01,32.41666641235,32.41666641235,USD,USD per barrel,1.25
1982-09-01,33.46666641235,33.46666641235,USD,USD per barrel,1.25
1982-10-01,33.78333384196,33.78333384196,USD,USD per barrel,1.25
1982-11-01,32.84999974569,32.84999974569,USD,USD per barrel,1.25
1982-12-01,31.46666679382,31.46666679382,USD,USD per barrel,1.25
1983-01-01,30.65333302816,30.65333302816,USD,USD per barrel,1.25
1983-02-01,29.1133333842,29.1133333842,USD,USD per barrel,1.25
1983-03-01,28.32000033061,28.32000033061,USD,USD per barrel,1.25
1983-04-01,29.6933333079,29.6933333079,USD,USD per barrel,1.25
1983-05-01,29.35999997457,29.35999997457,USD,USD per barrel,1.25
1983-06-01,29.96666717529,29.96666717529,USD,USD per barrel,1.25
1983-07-01,30.46666653951,30.46666653951,USD,USD per barrel,1.25
1983-08-01,30.65333302816,30.65333302816,USD,USD per barrel,1.25
1983-09-01,30.07000033061,30.07000033061,USD,USD per barrel,1.25
1983-10-01,29.61666679382,29.61666679382,USD,USD per barrel,1.25
1983-11-01,29.16666666667,29.16666666667,USD,USD per barrel,1.25
1983-12-01,28.81333351135,28.81333351135,USD,USD per barrel,1.25
1984-01-01,29.04333305359,29.04333305359,USD,USD per barrel,1.25
1984-02-01,29.203332901,29.203332901,USD,USD per barrel,1.25
1984-03-01,29.53333346049,29.53333346049,USD,USD per barrel,1.25
1984-04-01,29.57333246867,29.57333246867,USD,USD per barrel,1.25
1984-05-01,29.46000035604,29.46000035604,USD,USD per barrel,1.25
1984-06-01,29.05000050863,29.05000050863,USD,USD per barrel,1.25
1984-07-01,27.98666699727,27.98666699727,USD,USD per barrel,1.25
1984-08-01,28.17000007629,28.17000007629,USD,USD per barrel,1.25
1984-09-01,28.35333315531,28.35333315531,USD,USD per barrel,1.25
1984-10-01,27.85333315531,27.85333315531,USD,USD per barrel,1.25
1984-11-01,27.65000025431,27.65000025431,USD,USD per barrel,1.25
1984-12-01,26.81333351135,26.81333351135,USD,USD per barrel,1.25
1985-01-01,26.63333333333,26.63333333333,USD,USD per barrel,1.25
1985-02-01,27.6,27.6,USD,USD per barrel,1.25
1985-03-01,27.85,27.85,USD,USD per barrel,1.25
1985-04-01,27.8,27.8,USD,USD per barrel,1.25
1985-05-01,26.65,26.65,USD,USD per barrel,1.25
1985-06-01,26.36666666667,26.36666666667,USD,USD per barrel,1.25
1985-07-01,26.38333333333,26.38333333333,USD,USD per barrel,1.25
1985-08-01,27.01666666667,27.01666666667,USD,USD per barrel,1.25
1985-09-01,26.98333333333,26.98333333333,USD,USD per barrel,1.25
1985-10-01,27.81666666667,27.81666666667,USD,USD per barrel,1.25
1985-11-01,28.6,28.6,USD,USD per barrel,1.25
1985-12-01,26.5,26.5,USD,USD per barrel,1.25
1986-01-01,24.68333333333,24.68333333333,USD,USD per barrel,1.25
1986-02-01,15.91666666667,15.91666666667,USD,USD per barrel,1.25
1986-03-01,12.65,12.65,USD,USD per barrel,1.25
1986-04-01,11.9,11.9,USD,USD per barrel,1.25
1986-05-01,13.71666666667,13.71666666667,USD,USD per barrel,1.25
1986-06-01,11.85,11.85,USD,USD per barrel,1.25
1986-07-01,9.61666666667,9.61666666667,USD,USD per barrel,1.25
1986-08-01,13.7,13.7,USD,USD per barrel,1.25
1986-09-01,14.08333333333,14.08333333333,USD,USD per barrel,1.25
1986-10-01,13.95,13.95,USD,USD per barrel,1.25
1986-11-01,14.45,14.45,USD,USD per barrel,1.25
1986-12-01,15.68333333333,15.68333333333,USD,USD per barrel,1.25
1987-01-01,18.06666666667,18.06666666667,USD,USD per barrel,1.25
1987-02-01,17.25,17.25,USD,USD per barrel,1.25
1987-03-01,17.75,17.75,USD,USD per barrel,1.25
1987-04-01,17.9,17.9,USD,USD per barrel,1.25
1987-05-01,18.4,18.4,USD,USD per barrel,1.25
1987-06-01,18.71666666667,18.71666666667,USD,USD per barrel,1.25
1987-07-01,19.61666666667,19.61666666667,USD,USD per barrel,1.25
1987-08-01,18.81666666667,18.81666666667,USD,USD per barrel,1.25
1987-09-01,18.28333333333,18.28333333333,USD,USD per barrel,1.25
1987-10-01,18.56666666667,18.56666666667,USD,USD per barrel,1.25
1987-11-01,17.75,17.75,USD,USD per barrel,1.25
1987-12-01,16.63333333333,16.63333333333,USD,USD per barrel,1.25
1988-01-01,16.46666666667,16.46666666667,USD,USD per barrel,1.25
1988-02-01,15.85,15.85,USD,USD per barrel,1.25
1988-03-01,14.78333333333,14.78333333333,USD,USD per barrel,1.25
1988-04-01,16.46666666667,16.46666666667,USD,USD per barrel,1.25
1988-05-01,16.21666666667,16.21666666667,USD,USD per barrel,1.25
1988-06-01,15.33333333333,15.33333333333,USD,USD per barrel,1.25
1988-07-01,14.48333333333,14.48333333333,USD,USD per barrel,1.25
1988-08-01,14.55,14.55,USD,USD per barrel,1.25
1988-09-01,13.1,13.1,USD,USD per barrel,1.25
1988-10-01,12.18333333333,12.18333333333,USD,USD per barrel,1.25
1988-11-01,12.53333333333,12.53333333333,USD,USD per barrel,1.25
1988-12-01,14.65,14.65,USD,USD per barrel,1.25
1989-01-01,16.48333333333,16.48333333333,USD,USD per barrel,1.25
1989-02-01,16.35,16.35,USD,USD per barrel,1.25
1989-03-01,18.03333333333,18.03333333333,USD,USD per barrel,1.25
1989-04-01,19.2,19.2,USD,USD per barrel,1.25
1989-05-01,18.01666666667,18.01666666667,USD,USD per barrel,1.25
1989-06-01,17.63333333333,17.63333333333,USD,USD per barrel,1.25
1989-07-01,17.66666666667,17.66666666667,USD,USD per barrel,1.25
1989-08-01,16.88333333333,16.88333333333,USD,USD per barrel,1.25
1989-09-01,17.66666666667,17.66666666667,USD,USD per barrel,1.25
1989-10-01,18.41666666667,18.41666666667,USD,USD per barrel,1.25
1989-11-01,18.36666666667,18.36666666667,USD,USD per barrel,1.25
1989-12-01,19.35,19.35,USD,USD per barrel,1.25
1990-01-01,20.35,20.35,USD,USD per barrel,1.25
1990-02-01,19.6,19.6,USD,USD per barrel,1.25
1990-03-01,18.21666666667,18.21666666667,USD,USD per barrel,1.25
1990-04-01,16.55,16.55,USD,USD per barrel,1.25
1990-05-01,16.58333333333,16.58333333333,USD,USD per barrel,1.25
1990-06-01,15.26666666667,15.26666666667,USD,USD per barrel,1.25
1990-07-01,17.16666666667,17.16666666667,USD,USD per barrel,1.25
1990-08-01,26.4,26.4,USD,USD per barrel,1.25
1990-09-01,32.7,32.7,USD,USD per barrel,1.25
1990-10-01,34.5,34.5,USD,USD per barrel,1.25
1990-11-01,31.08333333333,31.08333333333,USD,USD per barrel,1.25
1990-12-01,26.13333333333,26.13333333333,USD,USD per barrel,1.25
1991-01-01,22.58333333333,22.58333333333,USD,USD per barrel,1.25
1991-02-01,18.13333333333,18.13333333333,USD,USD per barrel,1.25
1991-03-01,18.06666666667,18.06666666667,USD,USD per barrel,1.25
1991-04-01,18.46666666667,18.46666666667,USD,USD per barrel,1.25
1991-05-01,18.81666666667,18.81666666667,USD,USD per barrel,1.25
1991-06-01,17.93333333333,17.93333333333,USD,USD per barrel,1.25
1991-07-01,19.05,19.05,USD,USD per barrel,1.25
1991-08-01,19.36666666667,19.36666666667,USD,USD per barrel,1.25
1991-09-01,20.05,20.05,USD,USD per barrel,1.25
1991-10-01,21.46666666667,21.46666666667,USD,USD per barrel,1.25
1991-11-01,20.76666666667,20.76666666667,USD,USD per barrel,1.25
1991-12-01,17.75,17.75,USD,USD per barrel,1.25
1992-01-01,17.38333333333,17.38333333333,USD,USD per barrel,1.25
1992-02-01,17.61666666667,17.61666666667,USD,USD per barrel,1.25
1992-03-01,17.45,17.45,USD,USD per barrel,1.25
1992-04-01,18.63333333333,18.63333333333,USD,USD per barrel,1.25
1992-05-01,19.5,19.5,USD,USD per barrel,1.25
1992-06-01,20.83333333333,20.83333333333,USD,USD per barrel,1.25
1992-07-01,20.16666666667,20.16666666667,USD,USD per barrel,1.25
1992-08-01,19.61666666667,19.61666666667,USD,USD per barrel,1.25
1992-09-01,20.15,20.15,USD,USD per barrel,1.25
1992-10-01,20.08333333333,20.08333333333,USD,USD per barrel,1.25
1992-11-01,18.88333333333,18.88333333333,USD,USD per barrel,1.25
1992-12-01,17.93333333333,17.93333333333,USD,USD per barrel,1.25
1993-01-01,17.21666666667,17.21666666667,USD,USD per barrel,1.25
1993-02-01,18.16666666667,18.16666666667,USD,USD per barrel,1.25
1993-03-01,18.46666666667,18.46666666667,USD,USD per barrel,1.25
1993-04-01,18.43333333333,18.43333333333,USD,USD per barrel,1.25
1993-05-01,18.16666666667,18.16666666667,USD,USD per barrel,1.25
1993-06-01,17.46666666667,17.46666666667,USD,USD per barrel,1.25
1993-07-01,16.31666666667,16.31666666667,USD,USD per barrel,1.25
1993-08-01,16.48333333333,16.48333333333,USD,USD per barrel,1.25
1993-09-01,15.9,15.9,USD,USD per barrel,1.25
1993-10-01,16.51666666667,16.51666666667,USD,USD per barrel,1.25
1993-11-01,15.2,15.2,USD,USD per barrel,1.25
1993-12-01,13.76666666667,13.76666666667,USD,USD per barrel,1.25
1994-01-01,14.13333333333,14.13333333333,USD,USD per barrel,1.25
1994-02-01,13.78333333333,13.78333333333,USD,USD per barrel,1.25
1994-03-01,13.61666666667,13.61666666667,USD,USD per barrel,1.25
1994-04-01,15.08333333333,15.08333333333,USD,USD per barrel,1.25
1994-05-01,16.28333333333,16.28333333333,USD,USD per barrel,1.25
1994-06-01,17.16666666667,17.16666666667,USD,USD per barrel,1.25
1994-07-01,17.88333333333,17.88333333333,USD,USD per barrel,1.25
1994-08-01,17.0,17.0,USD,USD per barrel,1.25
1994-09-01,16.2,16.2,USD,USD per barrel,1.25
1994-10-01,16.46666666667,16.46666666667,USD,USD per barrel,1.25
1994-11-01,17.08333333333,17.08333333333,USD,USD per barrel,1.25
1994-12-01,15.94,15.94,USD,USD per barrel,1.25
1995-01-01,16.9,16.9,USD,USD per barrel,1.25
1995-02-01,17.41666666667,17.41666666667,USD,USD per barrel,1.25
1995-03-01,17.34666666667,17.34666666667,USD,USD per barrel,1.25
1995-04-01,18.64666666667,18.64666666667,USD,USD per barrel,1.25
1995-05-01,18.42333333333,18.42333333333,USD,USD per barrel,1.25
1995-06-01,17.36333333333,17.36333333333,USD,USD per barrel,1.25
1995-07-01,16.08333333333,16.08333333333,USD,USD per barrel,1.25
1995-08-01,16.46666666667,16.46666666667,USD,USD per barrel,1.25
1995-09-01,16.82,16.82,USD,USD per barrel,1.25
1995-10-01,16.12333333333,16.12333333333,USD,USD per barrel,1.25
1995-11-01,16.74333333333,16.74333333333,USD,USD per barrel,1.25
1995-12-01,17.86666666667,17.86666666667,USD,USD per barrel,1.25
1996-01-01,17.8,17.8,USD,USD per barrel,1.25
1996-02-01,17.69666666667,17.69666666667,USD,USD per barrel,1.25
1996-03-01,19.4,19.4,USD,USD per barrel,1.25
1996-04-01,20.66,20.66,USD,USD per barrel,1.25
1996-05-01,19.06333333333,19.06333333333,USD,USD per barrel,1.25
1996-06-01,18.51333333333,18.51333333333,USD,USD per barrel,1.25
1996-07-01,19.58666666667,19.58666666667,USD,USD per barrel,1.25
1996-08-01,20.44,20.44,USD,USD per barrel,1.25
1996-09-01,22.25666666667,22.25666666667,USD,USD per barrel,1.25
1996-10-01,23.61,23.61,USD,USD per barrel,1.25
1996-11-01,22.39,22.39,USD,USD per barrel,1.25
1996-12-01,23.62333333333,23.62333333333,USD,USD per barrel,1.25
1997-01-01,23.22666666667,23.22666666667,USD,USD per barrel,1.25
1997-02-01,20.42,20.42,USD,USD per barrel,1.25
1997-03-01,19.33,19.33,USD,USD per barrel,1.25
1997-04-01,17.88,17.88,USD,USD per barrel,1.25
1997-05-01,19.36743333333,19.36743333333,USD,USD per barrel,1.25
1997-06-01,17.92,17.92,USD,USD per barrel,1.25
1997-07-01,18.33,18.33,USD,USD per barrel,1.25
1997-08-01,18.7,18.7,USD,USD per barrel,1.25
1997-09-01,18.66174603175,18.66174603175,USD,USD per barrel,1.25
1997-10-01,20.04,20.04,USD,USD per barrel,1.25
1997-11-01,19.08666666667,19.08666666667,USD,USD per barrel,1.25
1997-12-01,17.09,17.09,USD,USD per barrel,1.25
1998-01-01,15.0,15.0,USD,USD per barrel,1.25
1998-02-01,14.1,14.1,USD,USD per barrel,1.25
1998-03-01,13.12333333333,13.12333333333,USD,USD per barrel,1.25
1998-04-01,13.5,13.5,USD,USD per barrel,1.25
1998-05-01,14.02666666667,14.02666666667,USD,USD per barrel,1.25
1998-06-01,12.479,12.479,USD,USD per barrel,1.25
1998-07-01,12.69966666667,12.69966666667,USD,USD per barrel,1.25
1998-08-01,12.48796666667,12.48796666667,USD,USD per barrel,1.25
1998-09-01,13.80333333333,13.80333333333,USD,USD per barrel,1.25
1998-10-01,13.26333333333,13.26333333333,USD,USD per barrel,1.25
1998-11-01,11.88,11.88,USD,USD per barrel,1.25
1998-12-01,10.41,10.41,USD,USD per barrel,1.25
1999-01-01,11.44333333333,11.44333333333,USD,USD per barrel,1.25
1999-02-01,10.75333333333,10.75333333333,USD,USD per barrel,1.25
1999-03-01,13.16666666667,13.16666666667,USD,USD per barrel,1.25
1999-04-01,15.86666666667,15.86666666667,USD,USD per barrel,1.25
1999-05-01,16.06333333333,16.06333333333,USD,USD per barrel,1.25
1999-06-01,16.39333333333,16.39333333333,USD,USD per barrel,1.25
1999-07-01,18.98666666667,18.98666666667,USD,USD per barrel,1.25
1999-08-01,20.27,20.27,USD,USD per barrel,1.25
1999-09-01,22.7,22.7,USD,USD per barrel,1.25
1999-10-01,21.95,21.95,USD,USD per barrel,1.25
1999-11-01,24.16333333333,24.16333333333,USD,USD per barrel,1.25
1999-12-01,25.1,25.1,USD,USD per barrel,1.25
2000-01-01,25.31,25.31,USD,USD per barrel,1.25
2000-02-01,27.22096666667,27.22096666667,USD,USD per barrel,1.25
2000-03-01,27.49,27.49,USD,USD per barrel,1.25
2000-04-01,23.47,23.47,USD,USD per barrel,1.25
2000-05-01,27.18666666667,27.18666666667,USD,USD per barrel,1.25
2000-06-01,29.62076666667,29.62076666667,USD,USD per barrel,1.25
2000-07-01,28.17666666667,28.17666666667,USD,USD per barrel,1.25
2000-08-01,29.2629,29.2629,USD,USD per barrel,1.25
2000-09-01,32.08283333333,32.08283333333,USD,USD per barrel,1.25
2000-10-01,31.40016666667,31.40016666667,USD,USD per barrel,1.25
2000-11-01,32.331,32.331,USD,USD per barrel,1.25
2000-12-01,25.20466666667,25.20466666667,USD,USD per barrel,1.25
2001-01-01,25.95727272727,25.95727272727,USD,USD per barrel,1.25
2001-02-01,27.23883333333,27.23883333333,USD,USD per barrel,1.25
2001-03-01,25.02257575758,25.02257575758,USD,USD per barrel,1.25
2001-04-01,25.718,25.718,USD,USD per barrel,1.25
2001-05-01,27.54682539683,27.54682539683,USD,USD per barrel,1.25
2001-06-01,26.96603174603,26.96603174603,USD,USD per barrel,1.25
2001-07-01,24.80367965368,24.80367965368,USD,USD per barrel,1.25
2001-08-01,25.82115942029,25.82115942029,USD,USD per barrel,1.25
2001-09-01,25.20766666667,25.20766666667,USD,USD per barrel,1.25
2001-10-01,20.73188405797,20.73188405797,USD,USD per barrel,1.25
2001-11-01,18.68818181818,18.68818181818,USD,USD per barrel,1.25
2001-12-01,18.51978947368,18.51978947368,USD,USD per barrel,1.25
2002-01-01,19.15481240981,19.15481240981,USD,USD per barrel,1.25
2002-02-01,19.97523684211,19.97523684211,USD,USD per barrel,1.25
2002-03-01,23.64066666667,23.64066666667,USD,USD per barrel,1.25
2002-04-01,25.43424242424,25.43424242424,USD,USD per barrel,1.25
2002-05-01,25.67234519104,25.67234519104,USD,USD per barrel,1.25
2002-06-01,24.48805750487,24.48805750487,USD,USD per barrel,1.25
2002-07-01,25.75474810214,25.75474810214,USD,USD per barrel,1.25
2002-08-01,26.7758008658,26.7758008658,USD,USD per barrel,1.25
2002-09-01,28.28079365079,28.28079365079,USD,USD per barrel,1.25
2002-10-01,27.5268115942,27.5268115942,USD,USD per barrel,1.25
2002-11-01,24.54248120301,24.54248120301,USD,USD per barrel,1.25
2002-12-01,27.88698412698,27.88698412698,USD,USD per barrel,1.25
2003-01-01,30.75031746032,30.75031746032,USD,USD per barrel,1.25
2003-02-01,32.88337719298,32.88337719298,USD,USD per barrel,1.25
2003-03-01,30.35920634921,30.35920634921,USD,USD per barrel,1.25
2003-04-01,25.55596825397,25.55596825397,USD,USD per barrel,1.25
2003-05-01,26.06491269841,26.06491269841,USD,USD per barrel,1.25
2003-06-01,27.91714285714,27.91714285714,USD,USD per barrel,1.25
2003-07-01,28.59158761528,28.59158761528,USD,USD per barrel,1.25
2003-08-01,29.67555555556,29.67555555556,USD,USD per barrel,1.25
2003-09-01,26.88233044733,26.88233044733,USD,USD per barrel,1.25
2003-10-01,29.01449275362,29.01449275362,USD,USD per barrel,1.25
2003-11-01,29.12274074074,29.12274074074,USD,USD per barrel,1.25
2003-12-01,29.96920634921,29.96920634921,USD,USD per barrel,1.25
2004-01-01,31.36771929825,31.36771929825,USD,USD per barrel,1.25
2004-02-01,31.33133333333,31.33133333333,USD,USD per barrel,1.25
2004-03-01,33.66507246377,33.66507246377,USD,USD per barrel,1.25
2004-04-01,33.71139249639,33.71139249639,USD,USD per barrel,1.25
2004-05-01,37.55789891395,37.55789891395,USD,USD per barrel,1.25
2004-06-01,35.54274170274,35.54274170274,USD,USD per barrel,1.25
2004-07-01,37.891998557,37.891998557,USD,USD per barrel,1.25
2004-08-01,42.08406926407,42.08406926407,USD,USD per barrel,1.25
2004-09-01,41.59682539683,41.59682539683,USD,USD per barrel,1.25
2004-10-01,46.88111111111,46.88111111111,USD,USD per barrel,1.25
2004-11-01,42.12554545455,42.12554545455,USD,USD per barrel,1.25
2004-12-01,39.04494444444,39.04494444444,USD,USD per barrel,1.25
2005-01-01,42.97227777778,42.97227777778,USD,USD per barrel,1.25
2005-02-01,44.81821052632,44.81821052632,USD,USD per barrel,1.25
2005-03-01,50.94287878788,50.94287878788,USD,USD per barrel,1.25
2005-04-01,50.64047619048,50.64047619048,USD,USD per barrel,1.25
2005-05-01,47.82657287157,47.82657287157,USD,USD per barrel,1.25
2005-06-01,53.8903030303,53.8903030303,USD,USD per barrel,1.25
2005-07-01,56.36580952381,56.36580952381,USD,USD per barrel,1.25
2005-08-01,61.89052042161,61.89052042161,USD,USD per barrel,1.25
2005-09-01,61.6876984127,61.6876984127,USD,USD per barrel,1.25
2005-10-01,58.18507936508,58.18507936508,USD,USD per barrel,1.25
2005-11-01,55.04282539683,55.04282539683,USD,USD per barrel,1.25
2005-12-01,56.42964285714,56.42964285714,USD,USD per barrel,1.25
2006-01-01,62.45703968254,62.45703968254,USD,USD per barrel,1.25
2006-02-01,59.70492105263,59.70492105263,USD,USD per barrel,1.25
2006-03-01,60.92927536232,60.92927536232,USD,USD per barrel,1.25
2006-04-01,67.97057504873,67.97057504873,USD,USD per barrel,1.25
2006-05-01,68.6759486166,68.6759486166,USD,USD per barrel,1.25
2006-06-01,68.29015151515,68.29015151515,USD,USD per barrel,1.25
2006-07-01,72.4501336675,72.4501336675,USD,USD per barrel,1.25
2006-08-01,71.81188405797,71.81188405797,USD,USD per barrel,1.25
2006-09-01,62.12125396825,62.12125396825,USD,USD per barrel,1.25
2006-10-01,57.91046897547,57.91046897547,USD,USD per barrel,1.25
2006-11-01,58.14304545455,58.14304545455,USD,USD per barrel,1.25
2006-12-01,60.9944122807,60.9944122807,USD,USD per barrel,1.25
2007-01-01,53.51696969697,53.51696969697,USD,USD per barrel,1.25
2007-02-01,57.5625,57.5625,USD,USD per barrel,1.25
2007-03-01,60.59984848485,60.59984848485,USD,USD per barrel,1.25
2007-04-01,65.05764035088,65.05764035088,USD,USD per barrel,1.25
2007-05-01,65.15725955204,65.15725955204,USD,USD per barrel,1.25
2007-06-01,68.1880952381,68.1880952381,USD,USD per barrel,1.25
2007-07-01,73.6016955267,73.6016955267,USD,USD per barrel,1.25
2007-08-01,70.1268115942,70.1268115942,USD,USD per barrel,1.25
2007-09-01,76.76243859649,76.76243859649,USD,USD per barrel,1.25
2007-10-01,81.96724637681,81.96724637681,USD,USD per barrel,1.25
2007-11-01,91.33826118326,91.33826118326,USD,USD per barrel,1.25
2007-12-01,89.51994152047,89.51994152047,USD,USD per barrel,1.25
2008-01-01,90.68993506494,90.68993506494,USD,USD per barrel,1.25
2008-02-01,93.38759064327,93.38759064327,USD,USD per barrel,1.25
2008-03-01,101.84283333333,101.84283333333,USD,USD per barrel,1.25
2008-04-01,108.75818181818,108.75818181818,USD,USD per barrel,1.25
2008-05-01,122.63260894661,122.63260894661,USD,USD per barrel,1.25
2008-06-01,131.52111111111,131.52111111111,USD,USD per barrel,1.25
2008-07-01,132.82518445323,132.82518445323,USD,USD per barrel,1.25
2008-08-01,114.56682539683,114.56682539683,USD,USD per barrel,1.25
2008-09-01,99.65676767677,99.65676767677,USD,USD per barrel,1.25
2008-10-01,72.69275362319,72.69275362319,USD,USD per barrel,1.25
2008-11-01,53.97272807018,53.97272807018,USD,USD per barrel,1.25
2008-12-01,41.33892496393,41.33892496393,USD,USD per barrel,1.25
2009-01-01,43.85521428571,43.85521428571,USD,USD per barrel,1.25
2009-02-01,41.8436754386,41.8436754386,USD,USD per barrel,1.25
2009-03-01,46.6453030303,46.6453030303,USD,USD per barrel,1.25
2009-04-01,50.2780952381,50.2780952381,USD,USD per barrel,1.25
2009-05-01,58.15388888889,58.15388888889,USD,USD per barrel,1.25
2009-06-01,69.1496969697,69.1496969697,USD,USD per barrel,1.25
2009-07-01,64.66667325428,64.66667325428,USD,USD per barrel,1.25
2009-08-01,71.62968253968,71.62968253968,USD,USD per barrel,1.25
2009-09-01,68.34611111111,68.34611111111,USD,USD per barrel,1.25
2009-10-01,74.08060606061,74.08060606061,USD,USD per barrel,1.25
2009-11-01,77.5523015873,77.5523015873,USD,USD per barrel,1.25
2009-12-01,74.88181818182,74.88181818182,USD,USD per barrel,1.25
2010-01-01,77.1210877193,77.1210877193,USD,USD per barrel,1.25
2010-02-01,74.76301559454,74.76301559454,USD,USD per barrel,1.25
2010-03-01,79.29768115942,79.29768115942,USD,USD per barrel,1.25
2010-04-01,84.18285714286,84.18285714286,USD,USD per barrel,1.25
2010-05-01,75.61831746032,75.61831746032,USD,USD per barrel,1.25
2010-06-01,74.725,74.725,USD,USD per barrel,1.25
2010-07-01,74.5794011544,74.5794011544,USD,USD per barrel,1.25
2010-08-01,75.82626984127,75.82626984127,USD,USD per barrel,1.25
2010-09-01,76.11624098124,76.11624098124,USD,USD per barrel,1.25
2010-10-01,81.71936507937,81.71936507937,USD,USD per barrel,1.25
2010-11-01,84.53406349206,84.53406349206,USD,USD per barrel,1.25
2010-12-01,90.00596179183,90.00596179183,USD,USD per barrel,1.25
2011-01-01,92.6905952381,92.6905952381,USD,USD per barrel,1.25
2011-02-01,97.9141920078,97.9141920078,USD,USD per barrel,1.25
2011-03-01,108.6452173913,108.6452173913,USD,USD per barrel,1.25
2011-04-01,116.24316666667,116.24316666667,USD,USD per barrel,1.25
2011-05-01,108.06851298701,108.06851298701,USD,USD per barrel,1.25
2011-06-01,105.84545454546,105.84545454546,USD,USD per barrel,1.25
2011-07-01,107.91661111111,107.91661111111,USD,USD per barrel,1.25
2011-08-01,100.48642512077,100.48642512077,USD,USD per barrel,1.25
2011-09-01,100.81935064935,100.81935064935,USD,USD per barrel,1.25
2011-10-01,99.84775396825,99.84775396825,USD,USD per barrel,1.25
2011-11-01,105.40501443001,105.40501443001,USD,USD per barrel,1.25
2011-12-01,104.23047619048,104.23047619048,USD,USD per barrel,1.25
2012-01-01,107.07457226399,107.07457226399,USD,USD per barrel,1.25
2012-02-01,112.68752380952,112.68752380952,USD,USD per barrel,1.25
2012-03-01,117.785,117.785,USD,USD per barrel,1.25
2012-04-01,113.6655,113.6655,USD,USD per barrel,1.25
2012-05-01,104.0860342556,104.0860342556,USD,USD per barrel,1.25
2012-06-01,90.72825396825,90.72825396825,USD,USD per barrel,1.25
2012-07-01,96.75411255411,96.75411255411,USD,USD per barrel,1.25
2012-08-01,105.27363699103,105.27363699103,USD,USD per barrel,1.25
2012-09-01,106.28496491228,106.28496491228,USD,USD per barrel,1.25
2012-10-01,103.40786561265,103.40786561265,USD,USD per barrel,1.25
2012-11-01,101.17441558442,101.17441558442,USD,USD per barrel,1.25
2012-12-01,101.19366666667,101.19366666667,USD,USD per barrel,1.25
2013-01-01,105.10021645022,105.10021645022,USD,USD per barrel,1.25
2013-02-01,107.63743567252,107.63743567252,USD,USD per barrel,1.25
2013-03-01,102.5225,102.5225,USD,USD per barrel,1.25
2013-04-01,98.85196969697,98.85196969697,USD,USD per barrel,1.25
2013-05-01,99.36663341489,99.36663341489,USD,USD per barrel,1.25
2013-06-01,99.74266666667,99.74266666667,USD,USD per barrel,1.25
2013-07-01,105.25790513834,105.25790513834,USD,USD per barrel,1.25
2013-08-01,108.15763636364,108.15763636364,USD,USD per barrel,1.25
2013-09-01,108.75773015873,108.75773015873,USD,USD per barrel,1.25
2013-10-01,105.42713438735,105.42713438735,USD,USD per barrel,1.25
2013-11-01,102.62649122807,102.62649122807,USD,USD per barrel,1.25
2013-12-01,105.48165079365,105.48165079365,USD,USD per barrel,1.25
2014-01-01,102.09666666667,102.09666666667,USD,USD per barrel,1.25
2014-02-01,104.82666666667,104.82666666667,USD,USD per barrel,1.25
2014-03-01,104.04,104.04,USD,USD per barrel,1.25
2014-04-01,104.86666666667,104.86666666667,USD,USD per barrel,1.25
2014-05-01,105.71333333333,105.71333333333,USD,USD per barrel,1.25
2014-06-01,108.37333333333,108.37333333333,USD,USD per barrel,1.25
2014-07-01,105.22666666667,105.22666666667,USD,USD per barrel,1.25
2014-08-01,100.05,100.05,USD,USD per barrel,1.25
2014-09-01,95.85,95.85,USD,USD per barrel,1.25
2014-10-01,86.08,86.08,USD,USD per barrel,1.25
2014-11-01,76.99333333333,76.99333333333,USD,USD per barrel,1.25
2014-12-01,60.70333333333,60.70333333333,USD,USD per barrel,1.25
2015-01-01,47.10666666667,47.10666666667,USD,USD per barrel,1.25
2015-02-01,54.79,54.79,USD,USD per barrel,1.25
2015-03-01,52.82666666667,52.82666666667,USD,USD per barrel,1.25
2015-04-01,57.54333333333,57.54333333333,USD,USD per barrel,1.25
2015-05-01,62.50666666667,62.50666666667,USD,USD per barrel,1.25
2015-06-01,61.30666666667,61.30666666667,USD,USD per barrel,1.25
2015-07-01,54.34,54.34,USD,USD per barrel,1.25
2015-08-01,45.69,45.69,USD,USD per barrel,1.25
2015-09-01,46.28,46.28,USD,USD per barrel,1.25
2015-10-01,46.95666666667,46.95666666667,USD,USD per barrel,1.25
2015-11-01,43.11333333333,43.11333333333,USD,USD per barrel,1.25
2015-12-01,36.57333333333,36.57333333333,USD,USD per barrel,1.25
2016-01-01,29.78,29.78,USD,USD per barrel,1.25
2016-02-01,31.03,31.03,USD,USD per barrel,1.25
2016-03-01,37.34,37.34,USD,USD per barrel,1.25
2016-04-01,40.75,40.75,USD,USD per barrel,1.25
2016-05-01,45.93666666667,45.93666666667,USD,USD per barrel,1.25
2016-06-01,47.68666666667,47.68666666667,USD,USD per barrel,1.25
2016-07-01,44.12666666667,44.12666666667,USD,USD per barrel,1.25
2016-08-01,44.87666666667,44.87666666667,USD,USD per barrel,1.25
2016-09-01,45.04333333333,45.04333333333,USD,USD per barrel,1.25
2016-10-01,49.29333333333,49.29333333333,USD,USD per barrel,1.25
2016-11-01,45.26,45.26,USD,USD per barrel,1.25
2016-12-01,52.62,52.62,USD,USD per barrel,1.25
2017-01-01,53.59,53.59,USD,USD per barrel,1.25
2017-02-01,54.35333333333,54.35333333333,USD,USD per barrel,1.25
2017-03-01,50.90333333333,50.90333333333,USD,USD per barrel,1.25
2017-04-01,52.16333333333,52.16333333333,USD,USD per barrel,1.25
2017-05-01,49.89333333333,49.89333333333,USD,USD per barrel,1.25
2017-06-01,46.16666666667,46.16666666667,USD,USD per barrel,1.25
2017-07-01,47.65666666667,47.65666666667,USD,USD per barrel,1.25
2017-08-01,49.94333333333,49.94333333333,USD,USD per barrel,1.25
2017-09-01,52.95,52.95,USD,USD per barrel,1.25
2017-10-01,54.92,54.92,USD,USD per barrel,1.25
2017-11-01,59.93333333333,59.93333333333,USD,USD per barrel,1.25
2017-12-01,61.18666666667,61.18666666667,USD,USD per barrel,1.25
2018-01-01,66.22666666667,66.22666666667,USD,USD per barrel,1.25
2018-02-01,63.46,63.46,USD,USD per barrel,1.25
2018-03-01,64.16666666667,64.16666666667,USD,USD per barrel,1.25
2018-04-01,68.79333333333,68.79333333333,USD,USD per barrel,1.25
2018-05-01,73.43,73.43,USD,USD per barrel,1.25
2018-06-01,71.97666666667,71.97666666667,USD,USD per barrel,1.25
2018-07-01,72.66666666667,72.66666666667,USD,USD per barrel,1.25
2018-08-01,71.08333333333,71.08333333333,USD,USD per barrel,1.25
2018-09-01,75.36333333333,75.36333333333,USD,USD per barrel,1.25
2018-10-01,76.72666666667,76.72666666667,USD,USD per barrel,1.25
2018-11-01,62.31666666667,62.31666666667,USD,USD per barrel,1.25
2018-12-01,53.96,53.96,USD,USD per barrel,1.25
2019-01-01,56.58333333333,56.58333333333,USD,USD per barrel,1.25
2019-02-01,61.13333333333,61.13333333333,USD,USD per barrel,1.25
2019-03-01,63.78666666667,63.78666666667,USD,USD per barrel,1.25
2019-04-01,68.57666666667,68.57666666667,USD,USD per barrel,1.25
2019-05-01,66.83333333333,66.83333333333,USD,USD per barrel,1.25
2019-06-01,59.76,59.76,USD,USD per barrel,1.25
2019-07-01,61.47666666667,61.47666666667,USD,USD per barrel,1.25
2019-08-01,57.67,57.67,USD,USD per barrel,1.25
2019-09-01,60.04,60.04,USD,USD per barrel,1.25
2019-10-01,57.27333333333,57.27333333333,USD,USD per barrel,1.25
2019-11-01,60.40333333333,60.40333333333,USD,USD per barrel,1.25
2019-12-01,63.35333333333,63.35333333333,USD,USD per barrel,1.25
2020-01-01,61.62666666667,61.62666666667,USD,USD per barrel,1.25
2020-02-01,53.34666666667,53.34666666667,USD,USD per barrel,1.25
2020-03-01,32.20333333333,32.20333333333,USD,USD per barrel,1.25
2020-04-01,21.04333333333,21.04333333333,USD,USD per barrel,1.25
2020-05-01,30.38,30.38,USD,USD per barrel,1.25
2020-06-01,39.45666666667,39.45666666667,USD,USD per barrel,1.25
2020-07-01,42.06666666667,42.06666666667,USD,USD per barrel,1.25
2020-08-01,43.44333333333,43.44333333333,USD,USD per barrel,1.25
2020-09-01,40.59666666667,40.59666666667,USD,USD per barrel,1.25
2020-10-01,39.9,39.9,USD,USD per barrel,1.25
2020-11-01,42.30333333333,42.30333333333,USD,USD per barrel,1.25
2020-12-01,48.72666666667,48.72666666667,USD,USD per barrel,1.25
2021-01-01,53.60333333333,53.60333333333,USD,USD per barrel,1.25
2021-02-01,60.46333333333,60.46333333333,USD,USD per barrel,1.25
2021-03-01,63.83,63.83,USD,USD per barrel,1.25
2021-04-01,62.95,62.95,USD,USD per barrel,1.25
2021-05-01,66.4,66.4,USD,USD per barrel,1.25
2021-06-01,71.80333333333,71.80333333333,USD,USD per barrel,1.25
2021-07-01,73.28333333333,73.28333333333,USD,USD per barrel,1.25
2021-08-01,68.86666666667,68.86666666667,USD,USD per barrel,1.25
2021-09-01,72.8,72.8,USD,USD per barrel,1.25
2021-10-01,82.06333333333,82.06333333333,USD,USD per barrel,1.25
2021-11-01,79.91666666667,79.91666666667,USD,USD per barrel,1.25
2021-12-01,72.86666666667,72.86666666667,USD,USD per barrel,1.25
2022-01-01,83.92,83.92,USD,USD per barrel,1.25
2022-02-01,93.54333333333,93.54333333333,USD,USD per barrel,1.25
2022-03-01,112.39666666667,112.39666666667,USD,USD per barrel,1.25
2022-04-01,103.41333333333,103.41333333333,USD,USD per barrel,1.25
2022-05-01,110.09666666667,110.09666666667,USD,USD per barrel,1.25
2022-06-01,116.8,116.8,USD,USD per barrel,1.25
2022-07-01,105.08333333333,105.08333333333,USD,USD per barrel,1.25
2022-08-01,95.97333333333,95.97333333333,USD,USD per barrel,1.25
2022-09-01,88.22,88.22,USD,USD per barrel,1.25
2022-10-01,90.32666666667,90.32666666667,USD,USD per barrel,1.25
2022-11-01,87.37666666667,87.37666666667,USD,USD per barrel,1.25
2022-12-01,78.06666666667,78.06666666667,USD,USD per barrel,1.25
2023-01-01,80.41,80.41,USD,USD per barrel,1.25
2023-02-01,80.25333333333,80.25333333333,USD,USD per barrel,1.25
2023-03-01,76.47333333333,76.47333333333,USD,USD per barrel,1.25
2023-04-01,82.46,82.46,USD,USD per barrel,1.25
2023-05-01,74.12333333333,74.12333333333,USD,USD per barrel,1.25
2023-06-01,73.26333333333,73.26333333333,USD,USD per barrel,1.25
2023-07-01,78.98333333333,78.98333333333,USD,USD per barrel,1.25
2023-08-01,84.72433333333,84.72433333333,USD,USD per barrel,1.25
2023-09-01,92.22,92.22,USD,USD per barrel,1.25
2023-10-01,89.08366666667,89.08366666667,USD,USD per barrel,1.25
2023-11-01,81.35433333333,81.35433333333,USD,USD per barrel,1.25
2023-12-01,75.71933333333,75.71933333333,USD,USD per barrel,1.25
2024-01-01,77.67233333333,77.67233333333,USD,USD per barrel,1.25
2024-02-01,80.548,80.548,USD,USD per barrel,1.25
2024-03-01,83.54566666667,83.54566666667,USD,USD per barrel,1.25
2024-04-01,88.01133333333,88.01133333333,USD,USD per barrel,1.25
2024-05-01,81.445,81.445,USD,USD per barrel,1.25
2024-06-01,81.205,81.205,USD,USD per barrel,1.25
2024-07-01,83.25866666667,83.25866666667,USD,USD per barrel,1.25
2024-08-01,78.121,78.121,USD,USD per barrel,1.25
2024-09-01,72.42433333333,72.42433333333,USD,USD per barrel,1.25
2024-10-01,73.97066666667,73.97066666667,USD,USD per barrel,1.25
2024-11-01,72.29166666667,72.29166666667,USD,USD per barrel,1.25
2024-12-01,72.311,72.311,USD,USD per barrel,1.25
2025-01-01,67.65,67.65,USD,USD per barrel,1.25
2025-02-01,66.01,66.01,USD,USD per barrel,1.25
2025-03-01,68.2,68.2,USD,USD per barrel,1.25
2025-04-01,62.97,62.97,USD,USD per barrel,1.25
2025-05-01,60.85,60.85,USD,USD per barrel,1.25
2025-06-01,67.86,67.86,USD,USD per barrel,1.25
2025-07-01,66.97,66.97,USD,USD per barrel,1.25
2025-08-01,64.21,64.21,USD,USD per barrel,1.25
2025-09-01,63.51,63.51,USD,USD per barrel,1.25
2025-10-01,60.05,60.05,USD,USD per barrel,1.25
2025-11-01,59.46,59.46,USD,USD per barrel,1.25
2025-12-01,57.95,57.95,USD,USD per barrel,1.25
2026-01-01,60.04,60.04,USD,USD per barrel,1.25
2026-02-01,64.47,64.47,USD,USD per barrel,1.25
2026-03-01,87.84,87.84,USD,USD per barrel,1.25
