year,month,motor_spirit_4_star_lrp_pence_per_litre_note_1,motor_spirit_super_unleaded_pence_per_litre_note_1,motor_spirit_premium_unleaded_ulsp_pence_per_litre_note_1_2,derv_diesel_ulsd_pence_per_litre_note_1_2,standard_grade_burning_oil_pence_per_litre_note_1,gas_oil_pence_per_litre_note_1_3,crude_oil_acquired_by_refineries_2025_100_note_4,ulsp_to_ulsd_differential_pence_per_litre,historic_indices_crude_oil_acquired_by_refineries_2010_100,historic_indices_crude_oil_acquired_by_refineries_2005_100,historic_indices_crude_oil_acquired_by_refineries_2000_100,historic_indices_crude_oil_acquired_by_refineries_1995_100,month_year,currency,unit
1991,January,0.45130000000000003,0.44380000000000003,0.4214,0.43310000000000004,0.1752,0.17129999999999998,,0.011700000000000018,,44.81625433610091,70.27937111348035,121.4,1991-01-01 00:00:00,GBP,GBP per litre
1991,February,0.4362,0.4291,0.4061,0.43189999999999995,0.1668,0.1539,,0.025799999999999983,,35.71272194789458,56.003512038864,96.74,1991-02-01 00:00:00,GBP,GBP per litre
1991,March,0.4474,0.43799999999999994,0.41659999999999997,0.4031,0.1354,0.134,,-0.013499999999999943,,35.46538347668216,55.61564401047824,96.07,1991-03-01 00:00:00,GBP,GBP per litre
1991,April,0.4903,0.4752,0.45409999999999995,0.4341,0.1249,0.1216,,-0.02,,36.9937137316365,58.01232108139923,100.21,1991-04-01 00:00:00,GBP,GBP per litre
1991,May,0.5015999999999999,0.4894,0.4664,0.4364,0.1315,0.1291,,-0.03,,37.444091246381504,58.71858823756435,101.43,1991-05-01 00:00:00,GBP,GBP per litre
1991,June,0.5004,0.4876,0.4653,0.4364,0.1338,0.1305,,-0.02890000000000001,,37.4219415325416,58.68385378726115,101.37,1991-06-01 00:00:00,GBP,GBP per litre
1991,July,0.5065,0.4935,0.4708,0.4426,0.1367,0.1297,,-0.028200000000000003,,38.77676569574991,60.80844433080705,105.04,1991-07-01 00:00:00,GBP,GBP per litre
1991,August,0.5023,0.489,0.4671,0.44170000000000004,0.1333,0.12710000000000002,,-0.025399999999999992,,39.41541577813422,61.8099543145494,106.77,1991-08-01 00:00:00,GBP,GBP per litre
1991,September,0.5011,0.4885,0.4658,0.4424,0.1364,0.1301,,-0.023399999999999962,,40.039299384625245,62.788307998089614,108.46,1991-09-01 00:00:00,GBP,GBP per litre
1991,October,0.4999,0.48700000000000004,0.4648,0.451,0.1418,0.1366,,-0.013799999999999956,,42.02908201124455,65.90861945032734,113.85,1991-10-01 00:00:00,GBP,GBP per litre
1991,November,0.49689999999999995,0.4844,0.4618,0.46049999999999996,0.1433,0.1425,,-0.001300000000000025,,42.44254333625635,66.55699585598711,114.97,1991-11-01 00:00:00,GBP,GBP per litre
1991,December,0.4839,0.47119999999999995,0.4486,0.445,0.1343,0.1316,,-0.003599999999999994,,36.51749488407827,57.26553039988036,98.92,1991-12-01 00:00:00,GBP,GBP per litre
1992,January,0.4693,0.4557,0.4343,0.43189999999999995,0.1247,0.1202,,-0.0024000000000000197,,33.76354712998179,52.94688041218215,91.46,1992-01-01 00:00:00,GBP,GBP per litre
1992,February,0.47759999999999997,0.4642,0.44229999999999997,0.43689999999999996,0.1288,0.1231,,-0.005399999999999992,,33.973969411461006,53.27685769006258,92.03,1992-02-01 00:00:00,GBP,GBP per litre
1992,March,0.5036999999999999,0.4829,0.46020000000000005,0.44380000000000003,0.14400000000000002,0.1198,,-0.016400000000000005,,33.44975951724962,52.45480903288678,90.61,1992-03-01 00:00:00,GBP,GBP per litre
1992,April,0.5061,0.4841,0.4607,0.4459,0.1264,0.1216,,-0.01479999999999997,,36.3550636492522,57.01081109765688,98.48,1992-04-01 00:00:00,GBP,GBP per litre
1992,May,0.5136,0.4924,0.4705,0.4537,0.12619999999999998,0.1234,,-0.016799999999999995,,37.43670800843486,58.70701008746328,101.41,1992-05-01 00:00:00,GBP,GBP per litre
1992,June,0.5209,0.5003,0.47479999999999994,0.4525,0.1266,0.1233,,-0.02229999999999997,,38.6992416973102,60.68687375474584,104.83,1992-06-01 00:00:00,GBP,GBP per litre
1992,July,0.5065999999999999,0.4855,0.4636,0.4495,0.1241,0.1198,,-0.014099999999999967,,38.53681046248413,60.432154452522354,104.39,1992-07-01 00:00:00,GBP,GBP per litre
1992,August,0.4974,0.47619999999999996,0.45439999999999997,0.445,0.1204,0.11599999999999999,,-0.009399999999999976,,35.376784621322486,55.47670620926542,95.83,1992-08-01 00:00:00,GBP,GBP per litre
1992,September,0.4953,0.4742,0.4515,0.44270000000000004,0.1244,0.1223,,-0.008799999999999954,,35.49491642846872,55.661956610882505,96.15,1992-09-01 00:00:00,GBP,GBP per litre
1992,October,0.5135000000000001,0.49439999999999995,0.4704,0.46259999999999996,0.1375,0.1335,,-0.007800000000000012,,36.87558192449029,57.82707067978215,99.89,1992-10-01 00:00:00,GBP,GBP per litre
1992,November,0.5171,0.4997,0.4763,0.4721,0.1446,0.1409,,-0.004200000000000017,,39.81411062725274,62.43517442000705,107.85,1992-11-01 00:00:00,GBP,GBP per litre
1992,December,0.5125,0.4955,0.46950000000000003,0.4647,0.1389,0.1352,,-0.0048000000000000395,,41.06556945920812,64.39767086213801,111.24,1992-12-01 00:00:00,GBP,GBP per litre
1993,January,0.5127,0.4976,0.47130000000000005,0.4705,0.141,0.1352,,-0.000800000000000054,,38.72877464909676,60.73318635515011,104.91,1993-01-01 00:00:00,GBP,GBP per litre
1993,February,0.5196000000000001,0.5058,0.4767,0.4781,0.1441,0.1381,,0.0014000000000000052,,40.37523671119733,63.31511382768819,109.37,1993-02-01 00:00:00,GBP,GBP per litre
1993,March,0.5272,0.5154,0.4844,0.4836,0.14529999999999998,0.1404,,-0.0007999999999999829,,44.18498749166324,69.28943927983907,119.69,1993-03-01 00:00:00,GBP,GBP per litre
1993,April,0.5484,0.5352,0.5006,0.4928,0.1407,0.1434,,-0.007800000000000012,,42.62712428492234,66.84644960851381,115.47,1993-04-01 00:00:00,GBP,GBP per litre
1993,May,0.5504,0.5376,0.5023,0.4938,0.1373,0.1373,,-0.008499999999999943,,39.95808376721221,62.66094834697787,108.24,1993-05-01 00:00:00,GBP,GBP per litre
1993,June,0.5564,0.5428999999999999,0.5065999999999999,0.49689999999999995,0.1333,0.1326,,-0.009699999999999988,,37.595447624287615,58.95594031463624,101.84,1993-06-01 00:00:00,GBP,GBP per litre
1993,July,0.5486,0.5368999999999999,0.5003,0.4943,0.131,0.1288,,-0.006000000000000014,,36.87558192449029,57.82707067978215,99.89,1993-07-01 00:00:00,GBP,GBP per litre
1993,August,0.5446,0.5331,0.4966,0.49079999999999996,0.12869999999999998,0.1266,,-0.005799999999999983,,37.15245334748925,58.26125130857218,100.64,1993-08-01 00:00:00,GBP,GBP per litre
1993,September,0.5464,0.5354,0.49979999999999997,0.4938,0.1284,0.1272,,-0.005999999999999943,,35.22542824341638,55.23935413219353,95.42,1993-09-01 00:00:00,GBP,GBP per litre
1993,October,0.5409,0.5301,0.4929,0.4926,0.1364,0.1351,,-0.000300000000000011,,36.36244688719884,57.02238924775794,98.5,1993-10-01 00:00:00,GBP,GBP per litre
1993,November,0.5415,0.5311,0.4938,0.5001,0.1368,0.13419999999999999,,0.006299999999999955,,34.62000273179195,54.28994582390599,93.78,1993-11-01 00:00:00,GBP,GBP per litre
1993,December,0.5578,0.5476,0.5079,0.5161,0.1335,0.13140000000000002,,0.008200000000000002,,35.369401383375845,55.46512805916435,95.81,1993-12-01 00:00:00,GBP,GBP per litre
1994,January,0.555,0.5448,0.5083,0.5172,0.1294,0.1272,,0.008900000000000005,,31.91035440537531,50.04076473681418,86.44,1994-01-01 00:00:00,GBP,GBP per litre
1994,February,0.5590999999999999,0.546,0.5052,0.5103,0.12869999999999998,0.1265,,0.00509999999999998,,36.1298748918797,56.65767751957432,97.87,1994-02-01 00:00:00,GBP,GBP per litre
1994,March,0.5573,0.5433,0.5035000000000001,0.5062,0.1263,0.12369999999999999,,0.0026999999999999602,,31.29385403683092,49.07398920337504,84.77,1994-03-01 00:00:00,GBP,GBP per litre
1994,April,0.564,0.5518,0.5121,0.5138,0.1364,0.1363,,0.001700000000000017,,33.54204999158261,52.59953590915012,90.86,1994-04-01 00:00:00,GBP,GBP per litre
1994,May,0.5672,0.5569,0.5132,0.5151,0.1362,0.13720000000000002,,0.001899999999999977,,35.561365569988475,55.76615996179211,96.33,1994-05-01 00:00:00,GBP,GBP per litre
1994,June,0.5718,0.5626,0.5184000000000001,0.5154,0.1319,0.133,,-0.003000000000000042,,36.37721336309212,57.04554554796008,98.54,1994-06-01 00:00:00,GBP,GBP per litre
1994,July,0.5694,0.562,0.5142,0.5138,0.1341,0.1325,,-0.00039999999999999097,,38.045825139032615,59.66220747080136,103.06,1994-07-01 00:00:00,GBP,GBP per litre
1994,August,0.5835,0.5765,0.5295000000000001,0.521,0.1351,0.1332,,-0.008500000000000014,,36.912498114223474,57.88496143028748,99.99,1994-08-01 00:00:00,GBP,GBP per litre
1994,September,0.5768,0.5731,0.5267000000000001,0.5188,0.1353,0.13140000000000002,,-0.007899999999999992,,34.67906863536507,54.38257102471453,93.94,1994-09-01 00:00:00,GBP,GBP per litre
1994,October,0.5735,0.5670000000000001,0.5192,0.5133,0.1363,0.13269999999999998,,-0.005900000000000034,,34.68645187331171,54.3941491748156,93.96,1994-10-01 00:00:00,GBP,GBP per litre
1994,November,0.5640999999999999,0.5578,0.5111,0.5084000000000001,0.1373,0.1371,,-0.0026999999999999602,,37.00478858855647,58.02968830655082,100.24,1994-11-01 00:00:00,GBP,GBP per litre
1994,December,0.5832,0.5757,0.5279,0.5304,0.1368,0.141,,0.0025,,35.114679674216795,55.06568188067752,95.12,1994-12-01 00:00:00,GBP,GBP per litre
1995,January,0.5911,0.58,0.5344,0.5413,0.1332,0.1393,,0.0069000000000000485,,35.642581187401504,55.89351961290385,96.55,1995-01-01 00:00:00,GBP,GBP per litre
1995,February,0.586,0.5744,0.5282,0.5354,0.136,0.138,,0.0071999999999999885,,36.90142325730352,57.86759420513588,99.96,1995-02-01 00:00:00,GBP,GBP per litre
1995,March,0.5898,0.5784,0.532,0.5387,0.13699999999999998,0.1377,,0.006699999999999946,,36.458428980505154,57.17290519907183,98.76,1995-03-01 00:00:00,GBP,GBP per litre
1995,April,0.6009,0.5884,0.5408,0.5473,0.1389,0.1414,,0.006499999999999986,,38.59218474708393,60.51899057828036,104.54,1995-04-01 00:00:00,GBP,GBP per litre
1995,May,0.6042000000000001,0.5918,0.5461,0.5489999999999999,0.1378,0.1392,,0.002899999999999991,,39.47817330068065,61.90836859040847,106.94,1995-05-01 00:00:00,GBP,GBP per litre
1995,June,0.6037,0.5922999999999999,0.5456,0.547,0.133,0.1364,,0.0014000000000000052,,38.049516758005936,59.66799654585189,103.07,1995-06-01 00:00:00,GBP,GBP per litre
1995,July,0.6051,0.5943,0.545,0.5477000000000001,0.1354,0.1322,,0.0027000000000000314,,34.73813453893818,54.47519622552307,94.1,1995-07-01 00:00:00,GBP,GBP per litre
1995,August,0.6014,0.5909,0.5418999999999999,0.5432,0.1382,0.1366,,0.001300000000000025,,34.96332329631068,54.828329803605634,94.71,1995-08-01 00:00:00,GBP,GBP per litre
1995,September,0.593,0.5811999999999999,0.5338,0.535,0.1412,0.1392,,0.001199999999999974,,36.45104574255851,57.16132704897076,98.74,1995-09-01 00:00:00,GBP,GBP per litre
1995,October,0.5881000000000001,0.5764,0.5278,0.531,0.1391,0.1367,,0.0032000000000000028,,35.55029071306851,55.74879273664051,96.3,1995-10-01 00:00:00,GBP,GBP per litre
1995,November,0.5821999999999999,0.5708,0.5196999999999999,0.5253,0.1393,0.1386,,0.0056000000000000225,,36.70576745171757,57.56077322745759,99.43,1995-11-01 00:00:00,GBP,GBP per litre
1995,December,0.6183,0.6074,0.557,0.568,0.1469,0.1492,,0.010999999999999944,,39.46340682478737,61.88521229020634,106.9,1995-12-01 00:00:00,GBP,GBP per litre
1996,January,0.6197,0.6126,0.5593,0.5743,0.15380000000000002,0.1586,,0.015,23.34242253724649,40.9042029893562,64.14462128920975,110.9,1996-01-01 00:00:00,GBP,GBP per litre
1996,February,0.5972,0.5922,0.5445,0.5565,0.1508,0.1561,,0.011999999999999955,22.889426026294156,40.07477285046215,62.843936316590685,108.54,1996-02-01 00:00:00,GBP,GBP per litre
1996,March,0.5928,0.5912,0.542,0.5539999999999999,0.1603,0.16329999999999997,,0.011999999999999955,25.607715013641123,44.65232625400478,70.02230450476391,120.58,1996-03-01 00:00:00,GBP,GBP per litre
1996,April,0.6035,0.6019,0.5524,0.5642,0.16570000000000001,0.1705,,0.011799999999999995,27.4150841525051,47.90513539197029,75.12325245221987,129.58,1996-04-01 00:00:00,GBP,GBP per litre
1996,May,0.6028,0.6292,0.5513,0.5623,0.15259999999999999,0.1578,,0.010999999999999944,25.160351712748728,44.16400426905695,69.25653408259423,119.69,1996-05-01 00:00:00,GBP,GBP per litre
1996,June,0.5964,0.6289,0.5467,0.556,0.1445,0.1505,,0.009299999999999996,23.6594025754647,41.461883889141056,65.01915807278266,112.37,1996-06-01 00:00:00,GBP,GBP per litre
1996,July,0.5949,0.6289,0.5434,0.5522,0.1463,0.1543,,0.008799999999999954,24.776133052172028,43.22187605139669,67.7791197018906,116.81,1996-07-01 00:00:00,GBP,GBP per litre
1996,August,0.6151,0.6526000000000001,0.5677,0.5761999999999999,0.1493,0.1552,,0.008499999999999943,25.75668750473943,45.05664890888163,70.65634994949417,121.96,1996-08-01 00:00:00,GBP,GBP per litre
1996,September,0.6304,0.6664,0.5824,0.5879,0.1705,0.1751,,0.005499999999999972,27.738946314563226,48.48694184179938,76.035622127229,131.07,1996-09-01 00:00:00,GBP,GBP per litre
1996,October,0.6371,0.6678000000000001,0.5878,0.6067,0.17989999999999998,0.18710000000000002,,0.018900000000000007,29.481854092901514,51.45478096858072,80.68968950715632,138.84,1996-10-01 00:00:00,GBP,GBP per litre
1996,November,0.6426000000000001,0.6734,0.5925,0.6085,0.1679,0.17620000000000002,,0.016000000000000014,26.722949556488853,46.818254681298335,73.41884198880757,126.89,1996-11-01 00:00:00,GBP,GBP per litre
1996,December,0.6633,0.6958,0.6125,0.6259,0.1702,0.1788,,0.013400000000000033,27.984003426768943,48.90314418694636,76.68829691021111,132.26,1996-12-01 00:00:00,GBP,GBP per litre
1997,January,0.6546,0.6923999999999999,0.6109,0.6202000000000001,0.17129999999999998,0.1814,,0.009299999999999996,27.61384774072318,48.3971052940083,75.89474341758911,131.34,1997-01-01 00:00:00,GBP,GBP per litre
1997,February,0.6544,0.6895,0.6015999999999999,0.6138,0.15960000000000002,0.17010000000000003,,0.01220000000000006,25.60369526596056,44.97368192087652,70.52624385681517,122.15,1997-02-01 00:00:00,GBP,GBP per litre
1997,March,0.6424,0.6817,0.5897,0.6033,0.1462,0.154,,0.013599999999999994,23.27554942369032,40.91112345264754,64.15547373136793,111.17,1997-03-01 00:00:00,GBP,GBP per litre
1997,April,0.6459,0.6865000000000001,0.5924,0.6022,0.1421,0.1518,,0.009799999999999968,20.91854043059105,36.63766586937241,57.453978573376126,99.27,1997-04-01 00:00:00,GBP,GBP per litre
1997,May,0.6491,0.6898000000000001,0.5941,0.603,0.1394,0.15439999999999998,,0.008900000000000005,22.246186413924278,38.74749352125381,60.76254067274402,104.81,1997-05-01 00:00:00,GBP,GBP per litre
1997,June,0.6539,0.6937000000000001,0.5986,0.606,0.1377,0.14880000000000002,,0.00740000000000002,21.151001415479055,37.100603518353,58.17994211756506,100.34,1997-06-01 00:00:00,GBP,GBP per litre
1997,July,0.682,0.7268000000000001,0.6269,0.6344,0.1325,0.1461,,0.0075,21.346592702234027,37.294334549140615,58.48374472692218,100.95,1997-07-01 00:00:00,GBP,GBP per litre
1997,August,0.6951,0.7358,0.6406999999999999,0.6448,0.1386,0.152,,0.004100000000000108,22.44754952074236,39.300652733077634,61.62998669447215,106.45,1997-08-01 00:00:00,GBP,GBP per litre
1997,September,0.7028,0.7423000000000001,0.6472,0.6476000000000001,0.1348,0.1469,,0.000400000000000062,22.39085598028339,39.14039810299415,61.37868067197802,105.92,1997-09-01 00:00:00,GBP,GBP per litre
1997,October,0.6975,0.7371,0.6420999999999999,0.6431,0.1427,0.151,,0.001000000000000085,23.3362718105229,40.863768370185,64.0812130537679,110.7,1997-10-01 00:00:00,GBP,GBP per litre
1997,November,0.6955,0.7402,0.6389,0.6406000000000001,0.1418,0.1528,,0.001700000000000017,22.018993265405,38.59910508533508,60.52984282435466,104.66,1997-11-01 00:00:00,GBP,GBP per litre
1997,December,0.6929000000000001,0.741,0.6353,0.6376,0.136,0.1448,,0.002299999999999968,20.324699508818345,35.62375692987547,55.864000033452015,96.59,1997-12-01 00:00:00,GBP,GBP per litre
1998,January,0.6903,0.7395999999999999,0.6313,0.6334000000000001,0.1292,0.1367,,0.002100000000000008,18.055256497947724,31.70343680781855,49.7162833886064,86.15,1998-01-01 00:00:00,GBP,GBP per litre
1998,February,0.6864,0.7379000000000001,0.6263000000000001,0.6284000000000001,0.1253,0.1368,,0.002100000000000008,16.705168096932347,29.316930134296925,45.97384237791001,79.66,1998-02-01 00:00:00,GBP,GBP per litre
1998,March,0.682,0.7376999999999999,0.6209,0.623,0.1161,0.1272,,0.002099999999999937,15.327661257427328,26.846560600248942,42.09989039681058,72.73,1998-03-01 00:00:00,GBP,GBP per litre
1998,April,0.7238,0.7874,0.6577,0.6681,0.1167,0.1294,,0.010400000000000065,15.463466985861787,27.086810822935263,42.476642867769925,73.4,1998-04-01 00:00:00,GBP,GBP per litre
1998,May,0.7241,0.7906,0.6572,0.6670999999999999,0.1164,0.1295,,0.009899999999999947,16.500504423746158,28.91392214325876,45.34185854562765,78.36,1998-05-01 00:00:00,GBP,GBP per litre
1998,June,0.7221,0.7879999999999999,0.6562,0.6659,0.1115,0.1234,,0.009699999999999988,14.231645123154506,25.018159607306483,39.232652296910985,67.82,1998-06-01 00:00:00,GBP,GBP per litre
1998,July,0.7237,0.7934,0.6604000000000001,0.6694,0.107,0.1199,,0.008999999999999914,13.512062884191648,23.74130056205078,37.23032407848949,64.34,1998-07-01 00:00:00,GBP,GBP per litre
1998,August,0.7248,0.7939,0.6614,0.669,0.10289999999999999,0.11720000000000001,,0.007600000000000051,14.099125704037604,24.78726086048514,38.8705645018044,67.54,1998-08-01 00:00:00,GBP,GBP per litre
1998,September,0.72,0.7934,0.6579999999999999,0.6648000000000001,0.10619999999999999,0.121,,0.006800000000000068,15.22153973277819,26.554403936047105,41.64173995717918,71.5,1998-09-01 00:00:00,GBP,GBP per litre
1998,October,0.7178,0.7909,0.6575,0.6659,0.10880000000000001,0.1231,,0.008400000000000034,14.308558421659033,25.19332023052053,39.50733340593469,68.73,1998-10-01 00:00:00,GBP,GBP per litre
1998,November,0.7132999999999999,0.7915000000000001,0.6502,0.6577,0.1061,0.11710000000000001,,0.0075,12.618598986615556,22.206196239025168,34.82302413756338,60.54,1998-11-01 00:00:00,GBP,GBP per litre
1998,December,0.7045,0.7913,0.6384000000000001,0.6476999999999999,0.1035,0.1149,,0.009299999999999926,11.530909749026172,20.234815660638205,31.73157017009603,55.03,1998-12-01 00:00:00,GBP,GBP per litre
1999,January,0.6960999999999999,0.7923,0.6286999999999999,0.6395000000000001,0.0989,0.11359999999999999,,0.010800000000000054,13.241548736240798,23.101339651602597,36.22675849743468,62.16,1999-01-01 00:00:00,GBP,GBP per litre
1999,February,0.6978,0.7826000000000001,0.6302,0.6417,0.10220000000000001,0.1133,,0.011499999999999986,12.479589348558008,21.793022349078424,34.175098478087264,58.8,1999-02-01 00:00:00,GBP,GBP per litre
1999,March,0.7384999999999999,0.8223999999999999,0.6651,0.6994,0.1052,0.1206,,0.03429999999999993,14.74218918531319,25.74380181958248,40.3705804680092,69.46,1999-03-01 00:00:00,GBP,GBP per litre
1999,April,0.7783,0.8339,0.7020000000000001,0.7323000000000001,0.12,0.1264,,0.03030000000000001,18.353038802227783,32.016152515181304,50.20667384127432,86.26,1999-04-01 00:00:00,GBP,GBP per litre
1999,May,0.7761,0.8382,0.7004,0.7309,0.1189,0.129,,0.03049999999999997,18.08044694098149,31.63840711632645,49.6143059723883,85.66,1999-05-01 00:00:00,GBP,GBP per litre
1999,June,0.7731999999999999,0.8373999999999999,0.698,0.7278,0.11539999999999999,0.12789999999999999,,0.029800000000000038,18.98287548475665,33.21770159491309,52.09090345699007,89.91,1999-06-01 00:00:00,GBP,GBP per litre
1999,July,0.7826000000000001,0.8387,0.7098,0.7381,0.1274,0.1396,,0.02829999999999998,23.068769874493206,40.3865491462596,63.33285361504248,109.38,1999-07-01 00:00:00,GBP,GBP per litre
1999,August,0.7976000000000001,0.8456999999999999,0.7287,0.7521,0.1331,0.1448,,0.023399999999999893,24.40536188802437,42.72642296099411,67.00216651547325,115.71,1999-08-01 00:00:00,GBP,GBP per litre
1999,September,0.8005,0.8511,0.7302,0.7495999999999999,0.1431,0.1545,,0.019399999999999976,26.014710929041563,45.633394742179455,71.56078373265933,123.78,1999-09-01 00:00:00,GBP,GBP per litre
1999,October,0.8099,0.8390000000000001,0.7384999999999999,0.7581,0.1427,0.1574,,0.01960000000000008,25.973987565028523,45.38339239557554,71.1687383027925,122.56,1999-10-01 00:00:00,GBP,GBP per litre
1999,November,0.8035,0.8340000000000001,0.7336,0.7523000000000001,0.1495,0.16269999999999998,,0.018700000000000043,29.30414582586197,51.32654730364631,80.48859770551712,139.07,1999-11-01 00:00:00,GBP,GBP per litre
1999,December,0.8101999999999999,0.8354,0.7542,0.7765000000000001,0.1711,0.1773,,0.02230000000000004,31.032308619691385,54.22650291426751,85.03621239555815,146.54,1999-12-01 00:00:00,GBP,GBP per litre
2000,January,0.8084,0.8415,0.7537999999999999,0.7775,0.1784,0.1815,,0.023700000000000044,30.42123234214349,53.24892037475206,83.50319971731382,144.23,2000-01-01 00:00:00,GBP,GBP per litre
2000,February,0.8075,0.8342,0.7514,0.7768,0.17920000000000003,0.185,,0.02540000000000006,33.86754300162673,59.25731429885309,92.92536479208955,160.44,2000-02-01 00:00:00,GBP,GBP per litre
2000,March,0.8299,0.8523999999999999,0.7831999999999999,0.7981999999999999,0.1863,0.1906,,0.015,33.62982029678251,58.85800245592976,92.299177137308,159.39,2000-03-01 00:00:00,GBP,GBP per litre
2000,April,0.8445,0.8718,0.7996,0.8107,0.1833,0.1861,,0.011099999999999994,28.377269424405405,49.67101339256488,77.89244405877828,134.56,2000-04-01 00:00:00,GBP,GBP per litre
2000,May,0.8404,0.8693000000000001,0.7954000000000001,0.8056,0.17800000000000002,0.1917,,0.01019999999999996,35.23870046613623,61.53855353888527,96.50272888741308,166.83,2000-05-01 00:00:00,GBP,GBP per litre
2000,June,0.8834000000000001,0.8986,0.8428,0.8292,0.18960000000000002,0.1999,,-0.013599999999999994,38.40888431360585,67.20017382049167,105.38109497955897,181.95,2000-06-01 00:00:00,GBP,GBP per litre
2000,July,0.8876000000000001,0.8994,0.8465,0.8318000000000001,0.1986,0.20809999999999998,,-0.014699999999999989,36.3874504951897,63.5594142370983,99.67177594594772,172.28,2000-07-01 00:00:00,GBP,GBP per litre
2000,August,0.8586,0.8787,0.8034,0.807,0.20829999999999999,0.2177,,0.003599999999999994,38.42241562922267,67.1482225948599,105.29962678191367,181.83,2000-08-01 00:00:00,GBP,GBP per litre
2000,September,0.857,0.8839,0.8017,0.8231,0.2477,0.264,,0.02140000000000001,42.99146521561898,75.26032775343617,118.02076239212272,203.84,2000-09-01 00:00:00,GBP,GBP per litre
2000,October,0.8506999999999999,0.8782,0.7946,0.8134999999999999,0.24989999999999998,0.2613,,0.018900000000000007,41.18123610241032,72.13849677790175,113.12521007671184,195.44,2000-10-01 00:00:00,GBP,GBP per litre
2000,November,0.8692,0.8883,0.8205,0.8422,0.24539999999999998,0.25730000000000003,,0.021700000000000018,43.96448083942409,76.93633462514899,120.649021060116,208.4,2000-11-01 00:00:00,GBP,GBP per litre
2000,December,0.8499,0.8815999999999999,0.7983,0.8456,0.22399999999999998,0.23809999999999998,,0.047300000000000036,34.55287385925518,60.392499197888384,94.70552428965505,163.68,2000-12-01 00:00:00,GBP,GBP per litre
2001,January,0.8219,0.8506,0.7685,0.8162999999999999,0.1986,0.2046,,0.04780000000000001,33.559549891732104,58.67217432584015,92.00776759602977,159.02,2001-01-01 00:00:00,GBP,GBP per litre
2001,February,0.8197,0.851,0.7717,0.8115000000000001,0.19870000000000002,0.2073,,0.03980000000000004,36.35330033081691,63.70942364252591,99.90701574522892,172.4,2001-02-01 00:00:00,GBP,GBP per litre
2001,March,0.778,0.8123999999999999,0.7487,0.7773,0.1954,0.2002,,0.028599999999999993,32.43188919203367,56.93448360772041,89.28277835566809,154.2,2001-03-01 00:00:00,GBP,GBP per litre
2001,April,0.7823,0.8227,0.7587999999999999,0.7731,0.1946,0.2029,,0.014300000000000068,34.05669791477214,59.51479165488834,93.32913228507128,161.4,2001-04-01 00:00:00,GBP,GBP per litre
2001,May,0.8009000000000001,0.8331000000000001,0.7818,0.7776000000000001,0.19079999999999997,0.1968,,-0.004200000000000017,38.31320054873457,67.07666895433229,105.1874187241084,181.7,2001-05-01 00:00:00,GBP,GBP per litre
2001,June,0.8234,0.8454,0.7892,0.7822,0.1942,0.2023,,-0.007000000000000029,38.63435433970096,67.58968914229332,105.99192005320268,183.2,2001-06-01 00:00:00,GBP,GBP per litre
2001,July,0.8144,0.8399,0.778,0.7787999999999999,0.185,0.19579999999999997,,0.0007999999999999829,33.4584029298965,58.45413698976694,91.66584864083184,158.6,2001-07-01 00:00:00,GBP,GBP per litre
2001,August,0.8035,0.8423999999999999,0.7681999999999999,0.7754000000000001,0.1788,0.1949,,0.007200000000000131,34.32630833104368,59.95086135169818,94.01296239330848,162.7,2001-08-01 00:00:00,GBP,GBP per litre
2001,September,0.7998999999999999,0.8304,0.7642,0.772,0.1888,0.19920000000000002,,0.007800000000000012,33.87908226120883,59.16852667394596,92.78613096870184,160.4,2001-09-01 00:00:00,GBP,GBP per litre
2001,October,0.7923,0.8225,0.7511,0.7686,0.1577,0.1746,,0.0175,27.27444240047396,47.6875641997968,74.78206448850275,129.3,2001-10-01 00:00:00,GBP,GBP per litre
2001,November,0.7709999999999999,0.795,0.7042,0.7598,0.1483,0.16210000000000002,,0.055600000000000024,25.97079948636086,45.37671263091648,71.1582633162864,123.1,2001-11-01 00:00:00,GBP,GBP per litre
2001,December,0.7584000000000001,0.7836,0.7016,0.7476999999999999,0.1444,0.1531,,0.046099999999999995,25.24420196790267,44.09756826382479,69.15235133157734,119.4,2001-12-01 00:00:00,GBP,GBP per litre
2002,January,0.7594,0.7848,0.6990000000000001,0.7465,0.1461,0.1471,,0.0475,26.11146369677652,45.67335165616296,71.6234428465901,123.7,2002-01-01 00:00:00,GBP,GBP per litre
2002,February,0.7568,0.7852,0.7,0.7440000000000001,0.1422,0.1445,,0.04400000000000006,26.992758937580493,47.217115799417954,74.04432283182585,128,2002-02-01 00:00:00,GBP,GBP per litre
2002,March,0.7615000000000001,0.7917000000000001,0.715,0.7483,0.1502,0.1496,,0.03329999999999998,30.316244543367624,53.30148773339054,83.58563411440784,143.7,2002-03-01 00:00:00,GBP,GBP per litre
2002,April,0.7784,0.8061,0.7495,0.7687999999999999,0.16079999999999997,0.1607,,0.01929999999999993,33.44175109938757,58.55744578645147,91.82785408660224,158.6,2002-04-01 00:00:00,GBP,GBP per litre
2002,May,0.7778,0.8040999999999999,0.7474,0.7637,0.1613,0.16,,0.016300000000000096,32.57135586010427,57.051728420243975,89.46663780158873,154.6,2002-05-01 00:00:00,GBP,GBP per litre
2002,June,0.7731,0.8031999999999999,0.7401000000000001,0.7564,0.1537,0.1542,,0.016299999999999957,31.27460130055561,54.73178946603156,85.8285860915783,148.3,2002-06-01 00:00:00,GBP,GBP per litre
2002,July,0.7695000000000001,0.8008,0.7362000000000001,0.7529,0.1519,0.1561,,0.016700000000000017,31.858378397629536,55.78291346741656,87.47692406345823,151.1,2002-07-01 00:00:00,GBP,GBP per litre
2002,August,0.7709,0.8,0.7369,0.7529,0.1559,0.1623,,0.016000000000000084,33.581937483585456,58.79568133268965,92.20144720843992,159.3,2002-08-01 00:00:00,GBP,GBP per litre
2002,September,0.7739,0.8001999999999999,0.7423000000000001,0.7565000000000001,0.16940000000000002,0.17059999999999997,,0.014200000000000016,34.97487518124948,61.20534216603401,95.98019780848304,165.8,2002-09-01 00:00:00,GBP,GBP per litre
2002,October,0.7755,0.8005,0.7444,0.7581,0.17420000000000002,0.17629999999999998,,0.013700000000000044,33.98352966970725,59.48680120862754,93.28523859092982,161.1,2002-10-01 00:00:00,GBP,GBP per litre
2002,November,0.7739,0.7995,0.741,0.7555,0.151,0.1582,,0.014500000000000028,29.69527368255831,51.97405205797013,81.50399329359085,140.8,2002-11-01 00:00:00,GBP,GBP per litre
2002,December,0.7734000000000001,0.7985,0.7365999999999999,0.7515000000000001,0.16210000000000002,0.1721,,0.01490000000000009,34.565765017857856,60.44709415804556,94.79113830453984,163.7,2002-12-01 00:00:00,GBP,GBP per litre
2003,January,0.7815000000000001,0.8047,0.7495,0.7637999999999999,0.1783,0.1863,36.70958779829085,0.014299999999999926,38.1519936001185,66.8224971502986,104.7028402577988,180.9,2003-01-01 00:00:00,GBP,GBP per litre
2003,February,0.7931,0.8131,0.7666,0.7801,0.2024,0.205,38.196615827903976,0.013500000000000083,39.697450448632566,69.4942820558714,108.96431273326988,188.3,2003-02-01 00:00:00,GBP,GBP per litre
2003,March,0.8136,0.8292,0.7855,0.8109999999999999,0.2249,0.22870000000000001,36.63555580693203,0.02549999999999997,38.07505271818746,66.57723141042923,104.10673066430282,180.6,2003-03-01 00:00:00,GBP,GBP per litre
2003,April,0.8142,0.831,0.782,0.8085,0.1617,0.175,30.05961431714844,0.026499999999999916,31.24072706431405,54.60129599325394,85.76981546811635,148.2,2003-04-01 00:00:00,GBP,GBP per litre
2003,May,0.8004000000000001,0.8120999999999999,0.7584000000000001,0.782,0.15710000000000002,0.16879999999999998,29.04778215712823,0.023599999999999996,30.189137645615038,52.804207119209,82.92696075181306,143.2,2003-05-01 00:00:00,GBP,GBP per litre
2003,June,0.7936,0.8039000000000001,0.7439,0.7666,0.1516,0.1677,30.846239765946954,0.02269999999999996,32.05826087191645,56.105084929640896,88.03294396068314,152,2003-06-01 00:00:00,GBP,GBP per litre
2003,July,0.7959,0.8051,0.7447,0.7656999999999999,0.163,0.1757,32.427244772864775,0.020999999999999942,33.701387273583435,58.98447282184381,92.5516887152127,159.5,2003-07-01 00:00:00,GBP,GBP per litre
2003,August,0.7977,0.8126000000000001,0.7573000000000001,0.7731999999999999,0.1732,0.18510000000000001,34.40602087140278,0.015899999999999893,35.757914125977145,62.57683210813794,98.14808004347742,170.3,2003-08-01 00:00:00,GBP,GBP per litre
2003,September,0.7981,0.8117,0.7609999999999999,0.7755,0.1681,0.1794,30.94309746262794,0.014500000000000028,32.15892433466628,56.28048738039759,88.07218956980714,..  ,2003-09-01 00:00:00,GBP,GBP per litre
2003,October,0.8005,0.8131,0.7584000000000001,0.7737999999999999,0.1707,0.18600000000000003,32.69213779551377,0.01539999999999992,33.97668856436206,59.465650670943205,93.34535158442073,,2003-10-01 00:00:00,GBP,GBP per litre
2003,November,0.8019,0.8140000000000001,0.7585999999999999,0.7745000000000001,0.17550000000000002,0.18739999999999998,31.77235964422721,0.015900000000000036,33.02077017229971,57.80832216061821,90.6332547651347,,2003-11-01 00:00:00,GBP,GBP per litre
2003,December,0.8025,0.8131999999999999,0.7587999999999999,0.7756000000000001,0.182,0.18469999999999998,31.85293080527555,0.01680000000000007,33.10450716323409,57.94018512836445,90.90929125559636,,2003-12-01 00:00:00,GBP,GBP per litre
2004,January,0.8004000000000001,0.8149,0.762,0.7792,0.1833,0.1895,30.95253891582363,0.01719999999999999,32.16873676470165,56.39129449304532,88.3,,2004-01-01 00:00:00,GBP,GBP per litre
2004,February,0.7989,0.8142,0.7636,0.7793000000000001,0.1773,0.17579999999999998,30.62163488715838,0.015700000000000075,31.824830740660765,55.69971966637438,87.4,,2004-02-01 00:00:00,GBP,GBP per litre
2004,March,0.8096,0.8236,0.7715000000000001,0.7859999999999999,0.1797,0.18710000000000002,33.94964352222558,0.014499999999999886,35.283604640381164,61.74084111830883,96.9,,2004-03-01 00:00:00,GBP,GBP per litre
2004,April,0.8125,0.8253,0.7781,0.7920999999999999,0.18309999999999998,0.195,33.897358467109655,0.013999999999999917,35.22926518282241,61.60076933374903,96.7,,2004-04-01 00:00:00,GBP,GBP per litre
2004,May,0.8432,0.8623999999999999,0.8101999999999999,0.8231999999999999,0.2112,0.2089,38.73133202741868,0.012999999999999972,40.25317690172868,70.44249031032652,110.5,,2004-05-01 00:00:00,GBP,GBP per litre
2004,June,0.8501000000000001,0.8706,0.8170000000000001,0.8286,0.1977,0.20559999999999998,35.64289357685059,0.011599999999999966,37.04338646093491,64.90566728034815,101.7,,2004-06-01 00:00:00,GBP,GBP per litre
2004,July,0.8477,0.8623000000000001,0.8035,0.8117,0.2069,0.21420000000000003,37.45137850374425,0.008200000000000074,38.922931002156105,68.25281359767946,106.9,,2004-07-01 00:00:00,GBP,GBP per litre
2004,August,0.8529000000000001,0.8664000000000001,0.8114,0.8228,0.2284,0.23579999999999998,43.767649715294496,0.011400000000000006,45.48738332354385,79.61464374123497,124.9,,2004-08-01 00:00:00,GBP,GBP per litre
2004,September,0.8615,0.8674,0.8125,0.8294,0.23579999999999998,0.2396,44.56604151979132,0.016899999999999974,46.31714581455629,81.07852939713186,127.2,,2004-09-01 00:00:00,GBP,GBP per litre
2004,October,0.877,0.8912,0.8312999999999999,0.8537,0.271,0.2827,49.57430501891482,0.02240000000000009,51.52219573274588,90.20935718273572,141.5,,2004-10-01 00:00:00,GBP,GBP per litre
2004,November,0.8906000000000001,0.8976000000000001,0.8417,0.8642,0.25370000000000004,0.261,42.29569924668185,0.0225,43.9575964687643,77.08514063612026,120.7,,2004-11-01 00:00:00,GBP,GBP per litre
2004,December,0.8858,0.8941,0.8240999999999999,0.8593000000000001,0.2236,0.24,37.3064923651333,0.0352000000000001,38.772351947348845,67.84396508234937,106.5,,2004-12-01 00:00:00,GBP,GBP per litre
2005,January,0.8715999999999999,0.8743000000000001,0.7898999999999999,0.8415,0.2216,0.23989999999999997,42.6844593836538,0.05160000000000011,44.36163190330071,77.63774562951079,121.8,,2005-01-01 00:00:00,GBP,GBP per litre
2005,February,0.8719,0.8744,0.7996,0.8432999999999999,0.2279,0.2438,44.15058993477989,0.043700000000000044,45.88537016238586,80.36629457064882,126.0,,2005-02-01 00:00:00,GBP,GBP per litre
2005,March,0.8831,0.8798,0.8143,0.8604,0.2552,0.2713,50.25060837503694,0.046099999999999995,52.2250726339055,91.37861162481728,143.4,,2005-03-01 00:00:00,GBP,GBP per litre
2005,April,0.8848,0.9111,0.8534999999999999,0.8959999999999999,0.28850000000000003,0.2894,49.099214355247724,0.0425,51.02843764264422,89.42644728667543,140.1,,2005-04-01 00:00:00,GBP,GBP per litre
2005,May,0.8896,0.9159999999999999,0.8515999999999999,0.8942,0.26649999999999996,0.2713,47.58860685590409,0.042600000000000054,49.45847483173157,86.65067571803561,135.8,,2005-05-01 00:00:00,GBP,GBP per litre
2005,June,0.8778,0.9167000000000001,0.8487,0.8904000000000001,0.2859,0.301,54.13246038612359,0.041700000000000015,56.25945171485177,98.6230761625306,154.5,,2005-06-01 00:00:00,GBP,GBP per litre
2005,July,0.9048999999999999,0.9481,0.8826,0.9243000000000001,0.3156,0.32939999999999997,60.770554322012806,0.041700000000000015,63.158371930208205,110.56588861186674,173.4,,2005-07-01 00:00:00,GBP,GBP per litre
2005,August,0.9198999999999999,0.9659,0.904,0.9433,0.3211,0.3347,65.6327460621716,0.039299999999999925,68.21161058743236,119.39025242010956,187.3,,2005-08-01 00:00:00,GBP,GBP per litre
2005,September,0.9198999999999999,0.9948,0.9477,0.9758,0.3357,0.3554,63.7655741366092,0.028100000000000024,66.27107309772254,115.99746560385388,182.0,,2005-09-01 00:00:00,GBP,GBP per litre
2005,October,0.9198999999999999,1.003,0.94,0.9693999999999999,0.34950000000000003,0.36340000000000006,61.26271556183914,0.029399999999999978,63.66987133944306,111.43425724686512,174.8,,2005-10-01 00:00:00,GBP,GBP per litre
2005,November,0.9198999999999999,0.9711,0.903,0.9473999999999999,0.311,0.3309,59.79057454028198,0.044399999999999974,62.13988644444689,108.80906838148144,170.6,,2005-11-01 00:00:00,GBP,GBP per litre
2005,December,0.9198999999999999,0.9533,0.8745,0.9172,0.3053,0.33299999999999996,60.32316437495734,0.04269999999999996,62.69340298284203,109.72106402661451,172.1,,2005-12-01 00:00:00,GBP,GBP per litre
2006,January,0.9198999999999999,0.9473,0.8884000000000001,0.9307,0.31579999999999997,0.336,65.23788871666338,0.0422999999999999,67.80123837073613,118.69920366678014,186.2,,2006-01-01 00:00:00,GBP,GBP per litre
2006,February,0.9198999999999999,0.968,0.8946,0.9366,0.32159999999999994,0.3379,64.04017901597632,0.04200000000000003,66.55646784684754,116.4943624567805,182.7,,2006-02-01 00:00:00,GBP,GBP per litre
2006,March,0.9198999999999999,0.9661,0.8943000000000001,0.9375,0.3212,0.3408,64.87252381112667,0.04319999999999993,67.42151742114831,118.14867516520994,185.1,,2006-03-01 00:00:00,GBP,GBP per litre
2006,April,0.9198999999999999,0.9942,0.9414,0.9759,0.33159999999999995,0.3531,72.43514845082491,0.03450000000000003,75.28129532002463,131.72816709890756,206.7,,2006-04-01 00:00:00,GBP,GBP per litre
2006,May,0.9198999999999999,1.0234999999999999,0.9612,0.9847,0.3407,0.36119999999999997,68.61558365532598,0.023499999999999945,71.3116508654525,124.98568725864968,195.8,,2006-05-01 00:00:00,GBP,GBP per litre
2006,June,0.9198999999999999,1.0137,0.953,0.9765999999999999,0.3375,0.3617,68.09239614977668,0.023599999999999996,70.76790609574664,123.86410765430936,194.3,,2006-06-01 00:00:00,GBP,GBP per litre
2006,July,0.9198999999999999,1.0253,0.9678,0.9868000000000001,0.374,0.4082,73.47772047753321,0.01900000000000006,76.36483244686998,133.78262346898237,209.7,,2006-07-01 00:00:00,GBP,GBP per litre
2006,August,0.9198999999999999,1.0301,0.9767,0.9937999999999999,0.3736,0.4111,71.37727187115239,0.017099999999999935,74.18185228843436,129.76337684627993,203.7,,2006-08-01 00:00:00,GBP,GBP per litre
2006,September,0.9198999999999999,0.9681000000000001,0.8935,0.9443,0.3576,0.3934,60.83761269619544,0.05080000000000012,63.22806518518856,110.5142971234638,173.6,,2006-09-01 00:00:00,GBP,GBP per litre
2006,October,0.9198999999999999,0.9406,0.8573999999999999,0.915,0.3325,0.3709,57.129613396038295,0.057600000000000054,59.37436989593158,103.99536801759848,163.01655183402306,,2006-10-01 00:00:00,GBP,GBP per litre
2006,November,0.9198999999999999,0.9320999999999999,0.8537,0.9109,0.3125,0.3553,56.16311485628693,0.05719999999999999,58.369895361765465,102.1472309868894,160.2613765908909,,2006-11-01 00:00:00,GBP,GBP per litre
2006,December,0.9198999999999999,0.9568000000000001,0.8763,0.9323,0.32049999999999995,0.3599,58.94777226862985,0.056000000000000084,61.26396849486603,107.17774458584884,168.2,,2006-12-01 00:00:00,GBP,GBP per litre
2007,January,0.9198999999999999,0.948,0.8691,0.9144,0.30879999999999996,0.3403,50.924090461265806,0.045300000000000014,52.92501741086085,92.89758100954744,145.3,,2007-01-01 00:00:00,GBP,GBP per litre
2007,February,0.9198999999999999,0.9401,0.8617,0.9018,0.3063,0.341,54.276909953578034,0.04010000000000005,56.40957704459787,98.72563436441308,154.9,,2007-02-01 00:00:00,GBP,GBP per litre
2007,March,0.9198999999999999,0.9601000000000001,0.8839,0.9216,0.3165,0.3614,59.49863765997493,0.03769999999999996,61.83647867941523,108.1988550779897,169.77726918216118,,2007-03-01 00:00:00,GBP,GBP per litre
2007,April,0.9198999999999999,0.9842,0.9192,0.9473,0.3343,0.3825,62.76721190270729,0.028100000000000024,65.23348287013084,114.16389499361712,179.0650937387789,,2007-04-01 00:00:00,GBP,GBP per litre
2007,May,0.9198999999999999,1.0063,0.9505,0.9641,0.3347,0.37979999999999997,63.03291665017178,0.013599999999999994,65.50962778029674,114.465666379895,179.9,,2007-05-01 00:00:00,GBP,GBP per litre
2007,June,0.9198999999999999,1.0198,0.9643999999999999,0.9702,0.3446,0.3885,67.32445430669867,0.005799999999999983,69.9697900165533,122.61002906701106,192.1,,2007-06-01 00:00:00,GBP,GBP per litre
2007,July,0.9198999999999999,1.018,0.9605,0.9665,0.3482,0.3957,70.6880536891036,0.006000000000000085,73.46555310754749,128.61827999038908,201.7,,2007-07-01 00:00:00,GBP,GBP per litre
2007,August,0.9198999999999999,1.0149,0.9570000000000001,0.9654,0.34450000000000003,0.3921,66.94743080836359,0.008400000000000034,69.57795238071247,121.2553447695588,191.0,,2007-08-01 00:00:00,GBP,GBP per litre
2007,September,0.9198999999999999,1.0075,0.9445,0.963,0.3546,0.4122,70.80536859056615,0.018499999999999944,73.5874775866343,128.83521243199732,202.0,,2007-09-01 00:00:00,GBP,GBP per litre
2007,October,0.9198999999999999,1.0283,0.9703,0.9915,0.3713,0.4393,75.64868361189183,0.021200000000000045,78.62109781446964,137.42764103771793,215.9,,2007-10-01 00:00:00,GBP,GBP per litre
2007,November,0.9198999999999999,1.0467,1.0046,1.0419,0.41600000000000004,0.4865,82.57434647526163,0.03730000000000004,85.81888621492033,150.13776783991483,235.6,,2007-11-01 00:00:00,GBP,GBP per litre
2007,December,0.9198999999999999,1.0737,1.0236,1.0741,0.4242,0.48369999999999996,84.79668923823964,0.05049999999999997,88.12855003725161,153.88340451195955,242.0,,2007-12-01 00:00:00,GBP,GBP per litre
2008,January,0.9198999999999999,1.1059,1.0371,1.087,0.439,0.5101,87.52681732833744,0.04990000000000009,90.9659512631451,159.29607886343788,249.5,,2008-01-01 00:00:00,GBP,GBP per litre
2008,February,0.9198999999999999,1.1028,1.035,1.0885,0.44329999999999997,0.5175,90.57180498435478,0.05349999999999994,94.13058362576244,164.70474986577375,258.2,,2008-02-01 00:00:00,GBP,GBP per litre
2008,March,0.9198999999999999,1.1305,1.0636,1.1315,0.4754,0.5582,95.84332642161002,0.06790000000000006,99.6092355039078,174.1887612366531,272.9,,2008-03-01 00:00:00,GBP,GBP per litre
2008,April,0.9198999999999999,1.1360999999999999,1.0756000000000001,1.1655,0.5339,0.5949,103.45701318643329,0.08989999999999995,107.5220818785644,188.18039811675305,295.1,,2008-04-01 00:00:00,GBP,GBP per litre
2008,May,0.9198999999999999,1.1787,1.1269,1.242,0.601,0.6734,116.1143702429872,0.11510000000000004,120.676776179941,211.1159513734854,331.0,,2008-05-01 00:00:00,GBP,GBP per litre
2008,June,0.9198999999999999,1.2341,1.1749,1.3059,0.6178,0.6920999999999999,125.06641783342305,0.1310000000000001,129.98057071598768,227.27819847021107,356.2,,2008-06-01 00:00:00,GBP,GBP per litre
2008,July,0.9198999999999999,1.2604,1.1962000000000002,1.3297999999999999,0.6383,0.6979000000000001,125.14261029158916,0.13359999999999983,130.05975695453395,227.27793322780556,355.61789962543696,,2008-07-01 00:00:00,GBP,GBP per litre
2008,August,0.9198999999999999,1.1818,1.1206,1.2395,0.5529999999999999,0.6231,112.94393950672108,0.1189,117.3817717842426,204.8474710728448,320.3977517246005,,2008-08-01 00:00:00,GBP,GBP per litre
2008,September,0.9198999999999999,1.1868,1.123,1.2392,0.546,0.6204999999999999,103.27314209230336,0.11620000000000004,107.33098605790204,187.29471582186304,293.1421114507993,,2008-09-01 00:00:00,GBP,GBP per litre
2008,October,0.9198999999999999,1.1304,1.0603,1.1754,0.4875,0.5632,82.65000992310588,0.11510000000000004,85.89752265708846,150.10960454382112,234.84245343281864,,2008-10-01 00:00:00,GBP,GBP per litre
2008,November,0.9198999999999999,1.0118,0.9465,1.0859999999999999,0.4081,0.5012,65.49734502165137,0.13949999999999987,68.07088932246577,119.37484161840965,186.1366084243786,,2008-11-01 00:00:00,GBP,GBP per litre
2008,December,0.9198999999999999,0.9570000000000001,0.8894,1.011,0.3823,0.4579,51.27377436199153,0.12159999999999997,53.288441212181056,92.73631327936988,144.7917889221809,,2008-12-01 00:00:00,GBP,GBP per litre
2009,January,0.9198999999999999,0.9329999999999999,0.8633,0.9873999999999999,0.3601,0.43829999999999997,52.84396537351167,0.12409999999999996,54.92032871120847,96.18896967164558,150.64769158257803,,2009-01-01 00:00:00,GBP,GBP per litre
2009,February,0.9198999999999999,0.9634999999999999,0.8939,1.0026000000000002,0.33909999999999996,0.4168,56.83389805355274,0.10870000000000005,59.06703520408054,103.33206776029505,161.63913795833437,,2009-02-01 00:00:00,GBP,GBP per litre
2009,March,0.9198999999999999,0.9645999999999999,0.9005,0.9987999999999999,0.3178,0.39799999999999996,61.15767888196393,0.09829999999999998,63.56070752206663,111.25181135215848,174.3268963915017,,2009-03-01 00:00:00,GBP,GBP per litre
2009,April,0.9198999999999999,0.9945,0.9361,1.0193,0.3319,0.41590000000000005,63.77659986285238,0.08320000000000008,66.28253205060912,115.98485135814232,181.59007663628415,,2009-04-01 00:00:00,GBP,GBP per litre
2009,May,0.9198999999999999,1.032,0.9698,1.0298,0.34490000000000004,0.4191,68.99574953413816,0.06,71.70675435326942,125.66768707668422,197.45485706178124,,2009-05-01 00:00:00,GBP,GBP per litre
2009,June,0.9198999999999999,1.0796999999999999,1.0181,1.0433,0.3613,0.4335,76.69372376140682,0.02519999999999996,79.70720004245541,139.50254876823362,218.8428423863203,,2009-06-01 00:00:00,GBP,GBP per litre
2009,July,0.9198999999999999,1.0884,1.0265,1.0385,0.3599,0.4311,74.5117530736949,0.011999999999999886,77.43949460891452,135.43195961543796,212.2,,2009-07-01 00:00:00,GBP,GBP per litre
2009,August,0.9198999999999999,1.1006,1.0378,1.0427,0.37060000000000004,0.4484,81.77463346236271,0.004899999999999949,84.98775060212894,148.72917423911508,233.26121939932688,,2009-08-01 00:00:00,GBP,GBP per litre
2009,September,0.9198999999999999,1.1240999999999999,1.0589,1.0658,0.374,0.45039999999999997,77.94942377155954,0.006899999999999977,81.01223945107677,141.72581957454855,221.82506849864097,,2009-09-01 00:00:00,GBP,GBP per litre
2009,October,0.9198999999999999,1.109,1.0454,1.0554000000000001,0.3796,0.4619,83.80027240478685,0.01,87.09298164945537,152.42669854158925,239.1128490819713,,2009-10-01 00:00:00,GBP,GBP per litre
2009,November,0.9198999999999999,1.1484156726004768,1.08272572,1.0945583899024185,0.39771661780383805,0.48190434735589927,86.57180535777876,0.01183266990241847,89.9734146324154,157.32686126105318,246.56012192462936,,2009-11-01 00:00:00,GBP,GBP per litre
2009,December,0.9198999999999999,1.1475796109377865,1.0817245,1.093432965634281,0.4005093683368871,0.4841585595328214,85.66564491728334,0.011708465634280572,89.03164902293965,155.80151072165552,244.3285720272296,,2009-12-01 00:00:00,GBP,GBP per litre
2010,January,0.9198999999999999,1.1852927473479111,1.11488838,1.1331100445481546,0.424901958955224,0.5063943549259219,88.28168227157825,0.01822166454815431,91.7504766204366,160.72708988998286,257.4504192295809,,2010-01-01 00:00:00,GBP,GBP per litre
2010,February,0.9198999999999999,1.185284910153713,1.11645945,1.1338498196860416,0.4319832089552239,0.5004511733535201,89.21252450429853,0.01739036968604168,92.71789382764145,162.24124171561283,,,2010-02-01 00:00:00,GBP,GBP per litre
2010,March,0.9198999999999999,1.218708378436891,1.15468758,1.1620458103521427,0.45117639925373143,0.5250181896831405,97.97346279495984,0.007358230352142812,101.82306993130516,178.22082030310867,,,2010-03-01 00:00:00,GBP,GBP per litre
2010,April,0.9198999999999999,1.2609780904957786,1.1980299200000002,1.2098550593975397,0.46682493336887,0.5515525143289716,102.51428464075796,0.011825139397539318,106.5423113172908,186.40963763590008,,,2010-04-01 00:00:00,GBP,GBP per litre
2010,May,0.9198999999999999,1.270808789781338,1.2117918699999999,1.2275372083156555,0.4741357942430704,0.5642891316102521,95.85973599641426,0.015745338315655458,99.6262898493925,174.2093090132609,,,2010-05-01 00:00:00,GBP,GBP per litre
2010,June,0.9198999999999999,1.2485220827018835,1.1770087599999999,1.2011671086126432,0.467521868336887,0.553099383583865,94.450473084374,0.02415834861264329,98.161653692308,171.75353817402402,,,2010-06-01 00:00:00,GBP,GBP per litre
2010,July,0.9198999999999999,1.2453616150681968,1.1722383000000003,1.196620057276199,0.4445381796375267,0.5332358927219639,92.77783112260909,0.0243817572761985,96.42328970491624,168.88481726925386,,,2010-07-01 00:00:00,GBP,GBP per litre
2010,August,0.9198999999999999,1.2315659883091579,1.16195155,1.186860033941451,0.4418443896588487,0.5288883746079809,93.4031739555355,0.024908483941451037,97.07320372440296,169.62900554238632,,,2010-08-01 00:00:00,GBP,GBP per litre
2010,September,0.9198999999999999,1.2187235981814248,1.1461457299999998,1.1717970619431481,0.4292682702558636,0.529895252514329,93.48407256955392,0.025651331943148392,97.15728103470263,169.98387862414066,,,2010-09-01 00:00:00,GBP,GBP per litre
2010,October,0.9198999999999999,1.2464889802987662,1.17202106,1.2058979316928295,0.4530196295309168,0.548269319779388,97.72930899992522,0.033876871692829845,101.56932276103488,177.7026690768712,,,2010-10-01 00:00:00,GBP,GBP per litre
2010,November,0.9198999999999999,1.2597259147001516,1.1870185100000001,1.2246978892660163,0.4664543710021323,0.5578613171839515,100.10954641785612,0.037679379266016326,104.0430852896321,181.8954012058784,,,2010-11-01 00:00:00,GBP,GBP per litre
2010,December,0.9198999999999999,1.2885625243559213,1.21606741,1.2575972740772168,0.5024845015991471,0.5981951443711474,108.8357118685936,0.04152986407721656,113.11212224693654,197.9712198870199,,,2010-12-01 00:00:00,GBP,GBP per litre
2011,January,0.9198999999999999,1.3483284167794312,1.2752571590030337,1.3207785401783239,0.5513671436748713,0.6190154757043692,115.25715272867168,0.04552138117528998,119.78587657900354,209.88690951555287,,,2011-01-01 00:00:00,GBP,GBP per litre
2011,February,0.9198999999999999,1.3534280108254395,1.2836608530129083,1.3344571412748514,0.555978110480124,0.6418830371567043,120.22901678957444,0.05079628826194295,124.95309683967486,218.13799462804784,,,2011-02-01 00:00:00,GBP,GBP per litre
2011,March,0.9198999999999999,1.37939648173207,1.3189238593777883,1.3812628066677741,0.575969798657718,0.671060662358643,131.85839226994304,0.06233894728998564,137.03941775775,239.72189397576471,,,2011-03-01 00:00:00,GBP,GBP per litre
2011,April,0.9198999999999999,1.4180212449255751,1.3474220569864968,1.4112278119288915,0.6120823438306661,0.7133736672051696,142.19404098376432,0.06380575494239453,147.78117835036397,258.43043497939686,,,2011-04-01 00:00:00,GBP,GBP per litre
2011,May,0.9198999999999999,1.4436391069012178,1.3670606507643805,1.4150727363349391,0.6041266907589056,0.691328634894992,131.87312446267697,0.04801208557055872,137.05472881288875,239.87966904969056,,,2011-05-01 00:00:00,GBP,GBP per litre
2011,June,0.9198999999999999,1.4280047361299049,1.3556474629706738,1.3964235088885197,0.5883593701600414,0.6812274636510501,132.8478732925292,0.04077604591784592,138.06777781040367,241.70110675096024,,,2011-06-01 00:00:00,GBP,GBP per litre
2011,July,0.9198999999999999,1.4292239512855207,1.351061251561478,1.3942141607132967,0.5863598864223025,0.6858659531502425,134.4652745993992,0.0431529091518189,139.74873060801045,244.99221971537423,,,2011-07-01 00:00:00,GBP,GBP per litre
2011,August,0.9198999999999999,1.4290412719891745,1.3534572601272972,1.398523924239907,0.5771842540010325,0.6801425282714055,126.96294314560568,0.04506666411260966,131.9516149557223,230.9089802141177,,,2011-08-01 00:00:00,GBP,GBP per litre
2011,September,0.9198999999999999,1.4200960757780783,1.3474992207483196,1.3915042476601869,0.570604233350542,0.6796490306946689,135.0918334802274,0.04400502691186716,140.3999084567731,245.7382750229084,,,2011-09-01 00:00:00,GBP,GBP per litre
2011,October,0.9198999999999999,1.4154236806495262,1.33965470227827,1.393668588359085,0.5743792462570987,0.69015246365105,132.42332669161297,0.054013886080814755,137.62654977782245,240.6446593183482,,,2011-10-01 00:00:00,GBP,GBP per litre
2011,November,0.9198999999999999,1.4068552097428957,1.3317568913211588,1.402541723431356,0.579015539494063,0.7059231017770599,133.21724293989016,0.07078483211019716,138.4516608575146,242.2298758857799,,,2011-11-01 00:00:00,GBP,GBP per litre
2011,December,0.9198999999999999,1.3974154262516916,1.320853453096187,1.4062600598105994,0.60587310273619,0.7128810985460419,130.775337271062,0.0854066067144123,135.91380698780807,237.86947693153692,,,2011-12-01 00:00:00,GBP,GBP per litre
2012,January,0.9198999999999999,1.4039533152909336,1.3288733924216287,1.4134450130143434,0.6103736189984512,0.707446324717286,131.8435666592226,0.08457162059271468,137.02400961401295,239.09123533714885,,,2012-01-01 00:00:00,GBP,GBP per litre
2012,February,0.9198999999999999,1.4181510148849794,1.3455736541550178,1.425647516198704,0.6151827568404751,0.7133900646203554,140.73139112684026,0.08007386204368601,146.26105755011957,256.0576826696596,,,2012-02-01 00:00:00,GBP,GBP per litre
2012,March,0.9198999999999999,1.448990392422192,1.3767236690262328,1.4504376142216313,0.6327504821327283,0.7368502173913043,149.2052104576442,0.07371394519539848,155.0678331165955,270.9690444761259,,,2012-03-01 00:00:00,GBP,GBP per litre
2012,April,0.9198999999999999,1.488497699594046,1.4173842424602938,1.4778288032342024,0.644,0.7459,141.6764313763641,0.06044456077390862,147.24323064750763,257.61628747147245,,,2012-04-01 00:00:00,GBP,GBP per litre
2012,May,0.9198999999999999,1.4536159024593578,1.3767640499999998,1.440109020592667,0.5909928923426838,0.6988840307840307,131.32456982543906,0.0633449705926671,136.48462017739516,238.34789711169145,,,2012-05-01 00:00:00,GBP,GBP per litre
2012,June,0.9198999999999999,1.3936139849937477,1.3163491600000001,1.374374917127072,0.5450081880212282,0.6559462081128747,115.74778917134915,0.0580257571270721,120.29579127823338,210.46635895509297,,,2012-06-01 00:00:00,GBP,GBP per litre
2012,July,0.9198999999999999,1.3844105460608587,1.3108475400000001,1.3659248417880465,0.5374051364670204,0.6733534231200899,120.66651125029124,0.055077301788046214,125.40778148383566,219.7357281766148,,,2012-07-01 00:00:00,GBP,GBP per litre
2012,August,0.9198999999999999,1.415947551062943,1.3413443,1.3940545956805628,0.5787183282789993,0.7106282988616323,131.90259191790364,0.05271029568056264,137.0853541135431,240.6594899565703,,,2012-08-01 00:00:00,GBP,GBP per litre
2012,September,0.9198999999999999,1.464492371821592,1.3912884399999998,1.4397804821697642,0.6064796626231993,0.7295549462882798,131.0925330404476,0.04849204216976432,136.24346612291137,238.2826229697096,,,2012-09-01 00:00:00,GBP,GBP per litre
2012,October,0.9198999999999999,1.455788349312213,1.3807635599999997,1.4301836062280264,0.6044113912054586,0.73187367324034,130.0983949883373,0.049420046228026704,135.21026605512114,236.48517020900536,,,2012-10-01 00:00:00,GBP,GBP per litre
2012,November,0.9198999999999999,1.4227588265944144,1.3454309,1.4109923756906075,0.5774565390447308,0.7000978835978837,127.99136243612264,0.06556147569060755,133.02044325217813,232.83875922959248,,,2012-11-01 00:00:00,GBP,GBP per litre
2012,December,0.9198999999999999,1.394038192997082,1.3155227600000001,1.3966123857358113,0.5717699772554964,0.6873850569183902,127.22103942952828,0.08108962573581124,132.2198524479692,230.87711112165803,,,2012-12-01 00:00:00,GBP,GBP per litre
2013,January,0.9198999999999999,1.3935154647769905,1.3170957799999998,1.3945832245102965,0.5785249052312358,0.689862177328844,131.85519725396725,0.07748744451029665,137.03609720210306,239.13205679088637,,,2013-01-01 00:00:00,GBP,GBP per litre
2013,February,0.9198999999999999,1.4403317319716546,1.3636651100000001,1.4390401506780512,0.6459270659590599,0.7454443001443002,139.67687882412102,0.07537504067805116,145.1651109858145,253.23466385596373,,,2013-02-01 00:00:00,GBP,GBP per litre
2013,March,0.9198999999999999,1.4498763547311377,1.37249865,1.4460951180311403,0.6272547005307051,0.7267338464005131,135.84360176826527,0.07359646803114032,141.18121548401598,246.54224980558607,,,2013-03-01 00:00:00,GBP,GBP per litre
2013,April,0.9198999999999999,1.442383159649854,1.3680606300000002,1.4127323656454047,0.5775811599696739,0.6979458072791407,126.97898625035424,0.044671735645404456,131.96828843168333,230.17809751866213,,,2013-04-01 00:00:00,GBP,GBP per litre
2013,May,0.9198999999999999,1.4054138495206334,1.3274727900000003,1.3795112506278253,0.55392113343442,0.6795701138367807,125.67319119322556,0.05203846062782503,130.61118562419938,228.29157691697375,,,2013-05-01 00:00:00,GBP,GBP per litre
2013,June,0.9198999999999999,1.4187676948728636,1.3406139199999998,1.3925993671521848,0.5498907695223654,0.6822917748917751,123.70278021206845,0.05198544715218503,128.56335257426767,224.47599161572305,,,2013-06-01 00:00:00,GBP,GBP per litre
2013,July,0.9198999999999999,1.4226109821964397,1.34741711,1.39622535,0.5693792883388126,0.7096343940102949,132.1199135336772,0.0488082399999999,137.311214805298,240.24767301502675,,,2013-07-01 00:00:00,GBP,GBP per litre
2013,August,0.9198999999999999,1.444235547109422,1.36868361,1.4162552200000003,0.5532325662347708,0.7007867883325535,133.49707889673505,0.04757161000000025,138.74249222542022,242.9996047381934,,,2013-08-01 00:00:00,GBP,GBP per litre
2013,September,0.9198999999999999,1.450344468893779,1.37191123,1.42332028,0.5663638754592921,0.7124972318886429,133.26309575924594,0.05140905000000004,138.4993153416843,241.7397218108677,,,2013-09-01 00:00:00,GBP,GBP per litre
2013,October,0.9198999999999999,1.3949307461492302,1.31480586,1.38763945,0.5443791142912395,0.6789358430876306,127.88160355996035,0.0728335899999999,132.90637169234728,232.4881338537488,,,2013-10-01 00:00:00,GBP,GBP per litre
2013,November,0.9198999999999999,1.361993618723745,1.2973016900000003,1.37296061,0.5436099980661381,0.6731662448592217,125.14021610810224,0.07565891999999991,130.05726869796263,226.80143161474325,,,2013-11-01 00:00:00,GBP,GBP per litre
2013,December,0.9198999999999999,1.3854777355471097,1.3079069799999998,1.38766031,0.5472221813962482,0.6771178582726983,126.81263950201394,0.07975333000000007,131.79540552945758,230.6049838246254,,,2013-12-01 00:00:00,GBP,GBP per litre
2014,January,0.9198999999999999,1.3777164832966597,1.30163805,1.38106687,0.5566818797137885,0.6667570230939576,124.13257357153068,0.07942881999999997,129.01003352284374,223.49921605568872,,,2014-01-01 00:00:00,GBP,GBP per litre
2014,February,0.9198999999999999,1.3633651130226048,1.2899663500000003,1.3665356,0.5286731386578998,0.6581249288199936,123.74496000514132,0.07656924999999973,128.60718971033722,,,,2014-02-01 00:00:00,GBP,GBP per litre
2014,March,0.9198999999999999,1.3626155031006204,1.28617024,1.3603000400000003,0.5158573003287565,0.6560223347042076,121.5707977231068,0.07412980000000005,126.3475994930463,,,,2014-03-01 00:00:00,GBP,GBP per litre
2014,April,0.9198999999999999,1.363440628125625,1.28794056,1.3586773699999997,0.5135710307484045,0.6669393546346093,120.6775475315062,0.07073680999999965,125.41925140642364,,,,2014-04-01 00:00:00,GBP,GBP per litre
2014,May,0.9198999999999999,1.3714782356471296,1.2931913299999998,1.3610388900000001,0.5026875072519822,0.6374444637772857,121.89291861484048,0.06784756000000045,126.68237727010596,,,,2014-05-01 00:00:00,GBP,GBP per litre
2014,June,0.9198999999999999,1.373505081016203,1.2969879,1.3541359800000001,0.5169130922452136,0.639336396709902,123.48966795443988,0.05714808000000005,128.34186663621173,,,,2014-06-01 00:00:00,GBP,GBP per litre
2014,July,0.9198999999999999,1.3866865022850268,1.3112031332252139,1.3600770251585503,0.51334171,0.62551987,118.69267571966648,0.048873891933336605,123.35638932585591,,,,2014-07-01 00:00:00,GBP,GBP per litre
2014,August,0.9198999999999999,1.3684726708809298,1.2926998619398002,1.3361397856642014,0.5114707700000001,0.6260935400000001,115.0304926773494,0.04343992372440113,119.5503105226652,,,,2014-08-01 00:00:00,GBP,GBP per litre
2014,September,0.9198999999999999,1.361282754606627,1.2851363951447328,1.3307131880571035,0.5102310099999999,0.6190102499999999,112.2519961732751,0.04557679291237065,116.66264037436868,,,,2014-09-01 00:00:00,GBP,GBP per litre
2014,October,0.9198999999999999,1.3423615367320503,1.267577466353712,1.310819765451586,0.46725180999999993,0.58658971,103.16206356983766,0.043242299097874054,107.21554299976944,,,,2014-10-01 00:00:00,GBP,GBP per litre
2014,November,0.9198999999999999,1.3002474722300081,1.2247706851341709,1.2717997624801116,0.46322657,0.57794693,95.36119487625608,0.04702907734594065,99.10815987936442,,,,2014-11-01 00:00:00,GBP,GBP per litre
2014,December,0.9198999999999999,1.2370762704186185,1.1622203807356846,1.22365558814288,0.41749200000000003,0.51403922,78.11225112901666,0.06143520740719538,81.1814646772973,,,,2014-12-01 00:00:00,GBP,GBP per litre
2015,January,0.9198999999999999,1.162243203907766,1.0844509033561256,1.1584513017206708,0.36432616999999995,0.46331203000000004,62.3596250668782,0.07400039836454539,64.8098809915838,,,,2015-01-01 00:00:00,GBP,GBP per litre
2015,February,0.9198999999999999,1.1493909842636636,1.071952556247777,1.1460482432705923,0.37270316000000003,0.48711153999999995,67.1180465636674,0.07409568702281576,69.75527202919768,,,,2015-02-01 00:00:00,GBP,GBP per litre
2015,March,0.9198999999999999,1.1868251254995548,1.1104205281257031,1.1821098075553682,0.36843831,0.48566275,71.26813037375508,0.07168927942966519,74.06842236562812,,,,2015-03-01 00:00:00,GBP,GBP per litre
2015,April,0.9198999999999999,1.2007416680655407,1.1254747322161756,1.1909091328262988,0.36473619999999995,0.48200792,73.3959208405628,0.06543440061012319,76.27981871031332,,,,2015-04-01 00:00:00,GBP,GBP per litre
2015,May,0.9198999999999999,1.233246166931538,1.1574955790764176,1.209674548009347,0.36870227,0.49479604999999993,77.56986598333674,0.05217896893292931,80.61776794715469,,,,2015-05-01 00:00:00,GBP,GBP per litre
2015,June,0.9198999999999999,1.2395593392286772,1.163963025398251,1.2124244809918017,0.37112938999999995,0.4969014200000001,74.12206824685039,0.048461455593550654,77.03449815127172,,,,2015-06-01 00:00:00,GBP,GBP per litre
2015,July,0.9198999999999999,1.2431426471807132,1.1640329866923986,1.1873215718132137,0.36493231000000004,0.4825885099999999,69.03136603485522,0.023288585120814963,71.7437703098332,,,,2015-07-01 00:00:00,GBP,GBP per litre
2015,August,0.9198999999999999,1.223278627675927,1.144823815894187,1.1170248786533505,0.30375295999999996,0.43259474,58.07256375440764,-0.027798937240836354,60.35437098544018,,,,2015-08-01 00:00:00,GBP,GBP per litre
2015,September,0.9198999999999999,1.1863064912982595,1.1149316544650967,1.0981140500000002,0.31101,0.43381056000000007,57.76847033067756,-0.016817604465096565,60.03832901788291,,,,2015-09-01 00:00:00,GBP,GBP per litre
2015,October,0.9198999999999999,1.1722148629725944,1.088961583893322,1.1068269900000005,0.3128,0.44027853000000006,59.40387208472868,0.01786540610667828,61.73798954245808,,,,2015-10-01 00:00:00,GBP,GBP per litre
2015,November,0.9198999999999999,1.1564095619123824,1.0723898834237429,1.1012272,0.30018,0.41568133,55.12756303279198,0.028837316576257165,57.29365427838262,,,,2015-11-01 00:00:00,GBP,GBP per litre
2015,December,0.9198999999999999,1.1235528805761152,1.03679396929288,1.0776825000000003,0.28588,0.38101939,48.998550513357465,0.040888530707120195,50.923818482313045,,,,2015-12-01 00:00:00,GBP,GBP per litre
2016,January,0.9198999999999999,1.10243857771554,1.0174238646628897,1.0252259600000002,0.22813,0.3518576299999999,42.45990511507024,0.007802095337110586,44.1282543708437,,,,2016-01-01 00:00:00,GBP,GBP per litre
2016,February,0.9198999999999999,1.0971915383076616,1.014025375718214,1.01020909,0.21892,0.33459595,41.37419554822694,-0.003816285718213947,42.99988472873834,,,,2016-02-01 00:00:00,GBP,GBP per litre
2016,March,0.9198999999999999,1.105277675535107,1.0172685884394332,1.02399034,0.26428,0.38213879,50.06698557546744,0.006721751560566674,52.03423486387917,,,,2016-03-01 00:00:00,GBP,GBP per litre
2016,April,0.9198999999999999,1.1501596319263852,1.0644284560816903,1.06943421,0.27398000000000006,0.38835974,53.58871298330752,0.005005753918309494,55.694339201295136,,,,2016-04-01 00:00:00,GBP,GBP per litre
2016,May,0.9198999999999999,1.1718915883176637,1.0843411239403076,1.0907089400000003,0.29558,0.42078426,59.61933510294136,0.006367816059692615,61.96191860799487,,,,2016-05-01 00:00:00,GBP,GBP per litre
2016,June,0.9198999999999999,1.1971385577115425,1.10963414012462,1.11856993,0.32005,0.44299308000000004,63.59483238204881,0.008935789875380209,66.09362249917443,,,,2016-06-01 00:00:00,GBP,GBP per litre
2016,July,0.9198999999999999,1.204567573514703,1.116629053636296,1.1265084500000002,0.32383,0.44492312,64.35079138995367,0.009879396363704274,66.87928490949659,,,,2016-07-01 00:00:00,GBP,GBP per litre
2016,August,0.9198999999999999,1.1835466493298659,1.0904960402185078,1.1068451000000001,0.30033,0.43743884,64.67381335976202,0.0163490597814922,67.21499917010182,,,,2016-08-01 00:00:00,GBP,GBP per litre
2016,September,0.9198999999999999,1.2012862772554511,1.1121109967971043,1.1323174,0.31939,0.44483657,66.80614039013568,0.02020640320289573,69.43111033057535,,,,2016-09-01 00:00:00,GBP,GBP per litre
2016,October,0.9198999999999999,1.2322939287857573,1.1355512394232454,1.1564206799999999,0.37445,0.50250573,73.91236009018584,0.02086944057675467,76.81655006929049,,,,2016-10-01 00:00:00,GBP,GBP per litre
2016,November,0.9198999999999999,1.2573935187037404,1.1588441626191999,1.1836027900000001,0.35246,0.46102402000000003,68.27937963350512,0.024758627380800247,70.96223659909452,,,,2016-11-01 00:00:00,GBP,GBP per litre
2016,December,0.9198999999999999,1.2364245549109825,1.1407237962180028,1.17160275,0.38634999999999997,0.50012331,78.99556304565486,0.030878953781997325,82.09948399082548,,,,2016-12-01 00:00:00,GBP,GBP per litre
2017,January,0.9198999999999999,1.2785468793758752,1.186949819804314,1.21991512,0.4068,0.51987027,82.65593801413598,0.03296530019568621,85.90368367671864,,,,2017-01-01 00:00:00,GBP,GBP per litre
2017,February,0.9198999999999999,1.28865300060012,1.19862493654679,1.22798954,0.4042,0.51645923,82.18877974001599,0.02936460345321024,85.4181696583537,,,,2017-02-01 00:00:00,GBP,GBP per litre
2017,March,0.9198999999999999,1.284,1.1939,1.2234,0.3958,0.5221,78.6330216094427,0.02950000000000003,81.72269745129402,,,,2017-03-01 00:00:00,GBP,GBP per litre
2017,April,0.9198999999999999,1.2671065113022604,1.1730161929557932,1.1989196800000002,0.39771999999999996,0.51420868,76.81964165123097,0.025903487044206912,79.83806554149365,,,,2017-04-01 00:00:00,GBP,GBP per litre
2017,May,0.9198999999999999,1.2500732846569311,1.1552119641367755,1.1739835600000001,0.36472,0.47964979999999996,72.89532056963348,0.018771595863224348,75.75954868065088,,,,2017-05-01 00:00:00,GBP,GBP per litre
2017,June,0.9198999999999999,1.2495604920984196,1.1554842345179737,1.17536351,0.35731,0.45579841000000004,68.98877784877466,0.01987927548202649,71.69950873403687,,,,2017-06-01 00:00:00,GBP,GBP per litre
2017,July,0.9198999999999999,1.23126399279856,1.1390453891802688,1.1539712500000001,0.34986999999999996,0.46466909000000006,69.0646969838839,0.01492586081973144,71.77841091002232,,,,2017-07-01 00:00:00,GBP,GBP per litre
2017,August,0.9198999999999999,1.251805381076215,1.1564066330084983,1.1734635300000003,0.36915,0.48691034,74.16546589356572,0.017056896991501702,77.07960099330964,,,,2017-08-01 00:00:00,GBP,GBP per litre
2017,September,0.9198999999999999,1.28479475895179,1.189338126051533,1.2051653500000001,0.38503,0.50593099,78.13156539596679,0.01582722394846698,81.20153784709483,,,,2017-09-01 00:00:00,GBP,GBP per litre
2017,October,0.9198999999999999,1.2662902180436086,1.1715004263590676,1.2034368400000002,0.39948,0.51687528,81.51161819448603,0.03193641364093267,84.71440084751166,,,,2017-10-01 00:00:00,GBP,GBP per litre
2017,November,0.9198999999999999,1.2871128125625122,1.1912486065179393,1.2271624100000003,0.4343,0.54172714,87.70350036803022,0.03591380348206087,91.1495765938529,,,,2017-11-01 00:00:00,GBP,GBP per litre
2017,December,0.9198999999999999,1.2952745200000002,1.1999395848164083,1.2351376900000004,0.43588,0.5311037500000001,89.577716062451,0.035198105183592364,93.09743461861972,,,,2017-12-01 00:00:00,GBP,GBP per litre
2018,January,0.9198999999999999,1.30512359,1.2116115017585403,1.2455389200000002,0.45919,0.55511189,93.3061860409308,0.033927418241460006,96.97240492716182,,,,2018-01-01 00:00:00,GBP,GBP per litre
2018,February,0.9198999999999999,1.3113535200000002,1.2144174087831496,1.2466208399999998,0.42871000000000004,0.5193526299999999,89.61299261865486,0.032203431216850334,93.1340972734531,,,,2018-02-01 00:00:00,GBP,GBP per litre
2018,March,0.9198999999999999,1.2896147199999999,1.1910934065825047,1.2279467300000002,0.4419700000000001,0.52507655,88.90193264849614,0.03685332341749529,92.39509808937456,,,,2018-03-01 00:00:00,GBP,GBP per litre
2018,April,0.9198999999999999,1.3004430000000002,1.2057402320978299,1.2415899500000003,0.4593299999999999,0.5543107599999999,93.96188317623796,0.03584971790217012,97.6538659407616,,,,2018-04-01 00:00:00,GBP,GBP per litre
2018,May,0.9198999999999999,1.3433191400000002,1.2466952596204508,1.28290196,0.4949,0.60610683,106.45656931397846,0.036206700379549234,110.6394976014026,,,,2018-05-01 00:00:00,GBP,GBP per litre
2018,June,0.9198999999999999,1.3825261300000005,1.2794497893990926,1.3187631600000003,0.48934,0.60878897,105.31817030443884,0.03931337060090769,109.4563682248216,,,,2018-06-01 00:00:00,GBP,GBP per litre
2018,July,0.9198999999999999,1.37727928,1.2761783494655223,1.3179739000000006,0.48463999999999996,0.60911133,105.57693823199598,0.04179555053447828,109.72530375115666,,,,2018-07-01 00:00:00,GBP,GBP per litre
2018,August,0.9198999999999999,1.3868757100000002,1.2861607556446173,1.3249018200000002,0.49099,0.61818066,106.30041368675056,0.03874106435538295,110.4772062533396,,,,2018-08-01 00:00:00,GBP,GBP per litre
2018,September,0.9198999999999999,1.4089387900000003,1.3075124439175903,1.3448279000000003,0.51298,0.63797068,110.68770579084966,0.037315456082409916,115.03688535399222,,,,2018-09-01 00:00:00,GBP,GBP per litre
2018,October,0.9198999999999999,1.41371228,1.3088156036733116,1.36616613,0.5359700000000001,0.6646359599999999,116.57085559257602,0.0573505263266884,121.15119790953808,,,,2018-10-01 00:00:00,GBP,GBP per litre
2018,November,0.9198999999999999,1.3893476100000002,1.2861109268958872,1.3705865400000001,0.51558,0.6381838900000001,100.9316222451079,0.08447561310411288,104.89746240420112,,,,2018-11-01 00:00:00,GBP,GBP per litre
2018,December,0.9198999999999999,1.3138100400000001,1.2097308660849615,1.3100421199999999,0.46967,0.5897870000000001,85.69068147413142,0.10031125391503837,89.05766932482604,,,,2018-12-01 00:00:00,GBP,GBP per litre
2019,January,0.9198999999999999,1.29554945,1.1945654401687584,1.29268337,0.4658700000000001,0.56722092,86.05626996458173,0.0981179298312415,89.43762264450311,,,,2019-01-01 00:00:00,GBP,GBP per litre
2019,February,0.9198999999999999,1.29294465,1.1885497628714061,1.2893373100000003,0.47217,0.59333862,92.08491498847624,0.10078754712859435,95.70314727073487,,,,2019-02-01 00:00:00,GBP,GBP per litre
2019,March,0.9198999999999999,1.3181125500000004,1.20411893804137,1.3071726200000002,0.46593,0.5814556799999999,94.39794414426188,0.10305368195863039,98.10706076693954,,,,2019-03-01 00:00:00,GBP,GBP per litre
2019,April,0.9198999999999999,1.3548427500000004,1.2409554601739137,1.3285270000000002,0.47867,0.60179288,102.128728995935,0.08757153982608656,106.14160628691562,,,,2019-04-01 00:00:00,GBP,GBP per litre
2019,May,0.9198999999999999,1.39082594,1.280693680515531,1.3532845200000003,0.47835,0.6081003800000001,104.5933455568054,0.07259083948446943,108.703063412878,,,,2019-05-01 00:00:00,GBP,GBP per litre
2019,June,0.9198999999999999,1.3909061300000003,1.276302554643091,1.3339047800000003,0.44271,0.5725990700000001,97.0407778454738,0.05760222535690915,100.853737602671,,,,2019-06-01 00:00:00,GBP,GBP per litre
2019,July,0.9198999999999999,1.38290772,1.2738444123948818,1.31760719,0.4742700000000001,0.59763061,97.64833784001986,0.04376277760511812,101.48517005435022,,,,2019-07-01 00:00:00,GBP,GBP per litre
2019,August,0.9198999999999999,1.3981091700000001,1.2850965250850725,1.3257667200000003,0.47499,0.5879684000000001,93.86179227772742,0.04067019491492772,97.54984223609932,,,,2019-08-01 00:00:00,GBP,GBP per litre
2019,September,0.9198999999999999,1.38831011,1.2699454306314246,1.31270388,0.4669,0.60001689,94.72627275200128,0.04275844936857538,98.44829017572611,,,,2019-09-01 00:00:00,GBP,GBP per litre
2019,October,0.9198999999999999,1.38740266,1.2706862438007405,1.3189280200000002,0.48338000000000003,0.59274475,90.76349499613414,0.0482417761992599,94.32980558768683,,,,2019-10-01 00:00:00,GBP,GBP per litre
2019,November,0.9198999999999999,1.3759993000000004,1.2564531106170167,1.30283996,0.46490000000000004,0.58377035,92.83578200329843,0.0463868493829834,96.4835176116236,,,,2019-11-01 00:00:00,GBP,GBP per litre
2019,December,0.9198999999999999,1.3657962000000003,1.2441482605562704,1.2943001800000002,0.46302,0.57518974,97.22107907018112,0.05015191944372972,101.04112328536851,,,,2019-12-01 00:00:00,GBP,GBP per litre
2020,January,0.9198999999999999,1.39211631,1.2714053499783051,1.3263434700000005,0.48197,0.5982006499999999,94.77188475977113,0.0549381200216952,98.49569438625784,,,,2020-01-01 00:00:00,GBP,GBP per litre
2020,February,0.9198999999999999,1.3610098099999999,1.2357707195860048,1.27789029,0.41062,0.54200303,85.75681332291067,0.04211957041399543,89.12639964904689,,,,2020-02-01 00:00:00,GBP,GBP per litre
2020,March,0.9198999999999999,1.32738015,1.2023922409101044,1.2408827100000002,0.31941,0.46225133000000007,59.35146260571925,0.03849046908989578,61.68352077209921,,,,2020-03-01 00:00:00,GBP,GBP per litre
2020,April,0.9198999999999999,1.23127722,1.0897024894010003,1.15813428,0.2242,0.41226680000000004,36.30729502195102,0.06843179059899981,37.73389379707452,,,,2020-04-01 00:00:00,GBP,GBP per litre
2020,May,0.9198999999999999,1.1884571300000002,1.0477955978448874,1.1161575499999998,0.20264,0.38399378,41.34164139335379,0.06836195215511269,42.96605144476897,,,,2020-05-01 00:00:00,GBP,GBP per litre
2020,June,0.9198999999999999,1.2009104499999999,1.0583473123234157,1.11901504,0.26212,0.43236078999999994,56.65183370750264,0.06066772767658421,58.87781712286755,,,,2020-06-01 00:00:00,GBP,GBP per litre
2020,July,0.9198999999999999,1.24593939,1.111473400055309,1.16547634,0.27308,0.46035930999999997,64.68293262397502,0.054002939944691096,67.22447675159371,,,,2020-07-01 00:00:00,GBP,GBP per litre
2020,August,0.9198999999999999,1.26336862,1.1276531780648549,1.1767415600000002,0.27205999999999997,0.46129862000000005,64.79717004254744,0.049088381935145406,67.34320282626982,,,,2020-08-01 00:00:00,GBP,GBP per litre
2020,September,0.9198999999999999,1.26507756,1.1321191476594807,1.1799736699999999,0.25427000000000005,0.42372527,61.20036747752228,0.04785452234051931,63.60507345266463,,,,2020-09-01 00:00:00,GBP,GBP per litre
2020,October,0.9198999999999999,1.2655706899999999,1.1315444174330245,1.1784985399999999,0.26052,0.44345287999999994,58.58340010280197,0.046954122566975655,60.88527929205853,,,,2020-10-01 00:00:00,GBP,GBP per litre
2020,November,0.9198999999999999,1.2602777400000003,1.1250638720531756,1.1704967499999999,0.27427,0.43061592,59.58110628861037,0.04543287794682442,61.92218769388845,,,,2020-11-01 00:00:00,GBP,GBP per litre
2020,December,0.9198999999999999,1.27209759,1.1404074095604393,1.18661659,0.31550999999999996,0.48146516,68.24883368079581,0.046209180439560814,70.93049042426199,,,,2020-12-01 00:00:00,GBP,GBP per litre
2021,January,0.9198999999999999,1.3017470500000001,1.1725180097462728,1.2173464200000002,0.34623999999999994,0.49851804,74.88468306830259,0.044828410253727365,77.82707789766577,,,,2021-01-01 00:00:00,GBP,GBP per litre
2021,February,0.9198999999999999,1.3363621500000002,1.2068762654261789,1.2491251400000005,0.36857999999999996,0.52818608,81.2621496033003,0.042248874573821524,84.45513005028435,,,,2021-02-01 00:00:00,GBP,GBP per litre
2021,March,0.9198999999999999,1.3709541,1.2404262709890703,1.28108541,0.39006,0.55739205,87.25361619573826,0.04065913901092955,90.68201541729084,,,,2021-03-01 00:00:00,GBP,GBP per litre
2021,April,0.9198999999999999,1.3841515700000002,1.2547293416743182,1.29224259,0.41247,0.54181309,87.61828743878229,0.037513248325682015,91.06101544875976,,,,2021-04-01 00:00:00,GBP,GBP per litre
2021,May,0.9198999999999999,1.40538731,1.2730722371334338,1.3093111900000003,0.39533999999999997,0.56469793,89.5001775758648,0.036238952866566476,93.01684946303985,,,,2021-05-01 00:00:00,GBP,GBP per litre
2021,June,0.9198999999999999,1.42554143149,1.29318973927591,1.3290879920000007,0.39905,0.56754743,94.98379166087577,0.035898252724090585,98.71592760650508,,,,2021-06-01 00:00:00,GBP,GBP per litre
2021,July,0.9198999999999999,1.4687655023000001,1.3274321642951181,1.3536591206400002,0.41717000000000004,0.58049391,100.60070515476764,0.026226956344881956,104.5535428052614,,,,2021-07-01 00:00:00,GBP,GBP per litre
2021,August,0.9198999999999999,1.4799973723000002,1.3452450499631419,1.36923156,0.39771,0.57425378,96.27580766076991,0.02398651003685813,100.0587099452789,,,,2021-08-01 00:00:00,GBP,GBP per litre
2021,September,0.9198999999999999,1.4785043623000005,1.3458779662975133,1.36843815,0.41479,0.59647313,98.93412572902814,0.022560183702486823,102.8214795651543,,,,2021-09-01 00:00:00,GBP,GBP per litre
2021,October,0.9198999999999999,1.5250692323000004,1.3765783539858922,1.4328119999999998,0.59822,0.73270448,110.7889363707486,0.056233646014107706,115.14209352079764,,,,2021-10-01 00:00:00,GBP,GBP per litre
2021,November,0.9198999999999999,1.6048527412615567,1.4594636215755015,1.4981484900000002,0.50864,0.7311826,114.29137958093244,0.03868486842449869,118.78215593920302,,,,2021-11-01 00:00:00,GBP,GBP per litre
2021,December,0.9198999999999999,1.6027168400047516,1.4569404496126748,1.4919528199999998,0.48469,0.715265,106.56223396528335,0.03501237038732512,110.74931406467898,,,,2021-12-01 00:00:00,GBP,GBP per litre
2022,January,0.9198999999999999,1.5699260000000002,1.449245,1.487429,0.53925,0.718762,116.57211400471056,0.03818399999999997,121.1525057676368,,,,2022-01-01 00:00:00,GBP,GBP per litre
2022,February,0.9198999999999999,1.59056791,1.4700461055394753,1.5107649600000004,0.5911500000000001,0.77304022,134.33078222657687,0.040718854460525054,139.60895371442678,,,,2022-02-01 00:00:00,GBP,GBP per litre
2022,March,0.9198999999999999,1.7388732800000002,1.61857640837614,1.7139069200000003,0.8486100000000001,1.21690985,169.5766826720059,0.09533051162386016,176.23974825271438,,,,2022-03-01 00:00:00,GBP,GBP per litre
2022,April,0.9198999999999999,1.7408121000000003,1.6167049339289312,1.7572314699999998,0.8533499999999999,1.0854189300000001,157.71176189290082,0.14052653607106863,163.9086269086767,,,,2022-04-01 00:00:00,GBP,GBP per litre
2022,May,0.9198999999999999,1.7698609299999994,1.6516603690492928,1.7958246300000003,0.90536,1.0439724,173.962777212006,0.1441642609507073,180.79818273416583,,,,2022-05-01 00:00:00,GBP,GBP per litre
2022,June,0.9198999999999999,1.9271998452916916,1.8309583418999658,1.9015017399999998,0.99303,1.18920852,189.2162864990965,0.07054339810003456,196.65103817613075,,,,2022-06-01 00:00:00,GBP,GBP per litre
2022,July,0.9198999999999999,1.9940102375876128,1.8879077301988303,1.9737768600000007,0.84721,1.1109558099999999,186.7413501971258,0.08586912980117006,194.0788558222368,,,,2022-07-01 00:00:00,GBP,GBP per litre
2022,August,0.9198999999999999,1.847186216582943,1.738693428425313,1.8495063099999998,0.7915399999999999,1.04221043,164.07332576628835,0.1108128815746872,170.52015154681294,,,,2022-08-01 00:00:00,GBP,GBP per litre
2022,September,0.9198999999999999,1.7821531091422325,1.673763045530047,1.8221923400000002,0.8552299999999999,1.03873587,156.49057097206244,0.1484292944699533,162.63945253242514,,,,2022-09-01 00:00:00,GBP,GBP per litre
2022,October,0.9198999999999999,1.7514179753927652,1.6312108152192486,1.8256083300000001,0.8755,1.1222830799999999,156.63737327482363,0.1943975147807515,162.7920230419662,,,,2022-10-01 00:00:00,GBP,GBP per litre
2022,November,0.9198999999999999,1.7698990205963547,1.6438684984960892,1.8871511900000004,0.85478,1.2806669,147.17484428627137,0.24328269150391119,152.95768909640793,,,,2022-11-01 00:00:00,GBP,GBP per litre
2022,December,0.9198999999999999,1.6848410345293368,1.5552382322552294,1.79408205,0.7048000000000001,0.90502306,131.65866320227383,0.23884381774477081,136.8318408665753,,,,2022-12-01 00:00:00,GBP,GBP per litre
2023,January,0.9198999999999999,1.6202352921363825,1.4845071213621575,1.71270937,0.74788,0.9210560700000001,126.69493627026677,0.2282022486378426,131.6730774616785,,,,2023-01-01 00:00:00,GBP,GBP per litre
2023,February,0.9198999999999999,1.6040001930817913,1.480160444124603,1.6949791099999996,0.69869,0.8429271300000001,129.0931615241286,0.21481866587539655,134.16553461046837,,,,2023-02-01 00:00:00,GBP,GBP per litre
2023,March,0.9198999999999999,1.6000337669798121,1.4686836009945425,1.6682782300000003,0.65841,0.80977239,126.22257667709589,0.1995946290054576,131.18215775223825,,,,2023-03-01 00:00:00,GBP,GBP per litre
2023,April,0.9198999999999999,1.5845999356515077,1.4612954955462987,1.6208765300000005,0.6162200000000001,0.93773383,127.00893153671532,0.1595810344537017,131.99941033857806,,,,2023-04-01 00:00:00,GBP,GBP per litre
2023,May,0.9198999999999999,1.5743692654076733,1.4457771359044216,1.5528913900000003,0.53233,0.8325376899999999,116.60153687253464,0.10711425409557876,121.18308472894496,,,,2023-05-01 00:00:00,GBP,GBP per litre
2023,June,0.9198999999999999,1.5635595073619668,1.4270577307066445,1.4546763800000002,0.5418600000000001,0.6733321999999999,110.95023974735416,0.02761864929335559,115.30973488538469,,,,2023-06-01 00:00:00,GBP,GBP per litre
2023,July,0.9198999999999999,1.5688674137772183,1.428044501121618,1.44641991,0.56635,0.87184508,114.52060539113596,0.01837540887838173,119.02038856910676,,,,2023-07-01 00:00:00,GBP,GBP per litre
2023,August,0.9198999999999999,1.6050494818985361,1.479106189910831,1.50456772,0.68976,0.8011731800000002,129.32273056058568,0.02546153008916889,134.4041239527901,,,,2023-08-01 00:00:00,GBP,GBP per litre
2023,September,0.9198999999999999,1.6646449909968135,1.542410673107736,1.5833991000000003,0.7490399999999999,0.8917215200000002,141.7083292127472,0.04098842689226416,147.27638182469417,,,,2023-09-01 00:00:00,GBP,GBP per litre
2023,October,0.9198999999999999,1.6807965969980094,1.5535210332545464,1.6229301100000004,0.73737,0.86934542,144.78705359381786,0.069409076745454,150.47607650741696,,,,2023-10-01 00:00:00,GBP,GBP per litre
2023,November,0.9198999999999999,1.6558643081042612,1.5222409968627948,1.60216952,0.68838,0.79835372,132.55010448064283,0.07992852313720505,137.75830896352298,,,,2023-11-01 00:00:00,GBP,GBP per litre
2023,December,0.9198999999999999,1.5791907156891773,1.4367551125229066,1.5187479800000003,0.62213,0.7602622499999999,120.1272758447955,0.08199286747709379,124.84735825455635,,,,2023-12-01 00:00:00,GBP,GBP per litre
2024,January,0.9198999999999999,1.5315646661661122,1.3936021812596036,1.4783189499999994,0.6293500000000001,0.75359501,118.07478837348629,0.08471676874039616,122.71422373667548,,,,2024-01-01 00:00:00,GBP,GBP per litre
2024,February,0.9198999999999999,1.5408395449527403,1.414699665104954,1.5045200100000002,0.6663600000000001,0.7854280899999999,125.35071338002967,0.08982034489504627,130.27603690139617,,,,2024-02-01 00:00:00,GBP,GBP per litre
2024,March,0.9198999999999999,1.5770846686128233,1.4465905787428894,1.5372417,0.62725,0.7876192300000001,127.70850712103515,0.09065112125711067,132.72647388836307,,,,2024-03-01 00:00:00,GBP,GBP per litre
2024,April,0.9198999999999999,1.6060617213626092,1.4884731702235487,1.57738751,0.6401399999999999,0.78453215,135.3005361980074,0.08891433977645136,140.61681159381789,,,,2024-04-01 00:00:00,GBP,GBP per litre
2024,May,0.9198999999999999,1.6191005637015252,1.4931247186505332,1.5725656900000005,0.5967100000000001,0.7272747900000001,124.45693947153048,0.0794409713494673,129.34714451980963,,,,2024-05-01 00:00:00,GBP,GBP per litre
2024,June,0.9198999999999999,1.585885548952043,1.4509206454658101,1.5060812200000004,0.5846100000000001,0.7267104600000001,123.06867069964626,0.055160574534190515,127.90432741188675,,,,2024-06-01 00:00:00,GBP,GBP per litre
2024,July,0.9198999999999999,1.577330930804894,1.447893199918636,1.5063888500000002,0.5899700000000001,0.7348901499999999,124.42476888291674,0.05849565008136409,129.3137098733176,,,,2024-07-01 00:00:00,GBP,GBP per litre
2024,August,0.9198999999999999,1.5668684813269573,1.4289356233748918,1.48344119,0.5572699999999999,0.6943443100000001,120.71969402824249,0.054505566625107915,125.4630539378654,,,,2024-08-01 00:00:00,GBP,GBP per litre
2024,September,0.9198999999999999,1.5067372746826084,1.3641085873610885,1.4146997200000002,0.49633000000000005,0.63917708,109.55567774969953,0.05059113263891163,113.86037727609096,,,,2024-09-01 00:00:00,GBP,GBP per litre
2024,October,0.9198999999999999,1.4745140363927545,1.339071368466304,1.38949218,0.5318600000000001,0.6778302700000001,110.13267152797508,0.05042081153369594,114.46004249317365,,,,2024-10-01 00:00:00,GBP,GBP per litre
2024,November,0.9198999999999999,1.484531470340598,1.3471263112320355,1.40363474,0.5322399999999999,0.6826525300000001,111.79560125397325,0.05650842876796446,116.18831262827662,,,,2024-11-01 00:00:00,GBP,GBP per litre
2024,December,0.9198999999999999,1.492086392857201,1.3627737990040205,1.4256944200000001,0.53715,0.68423573,110.94331590401548,0.06292062099597956,115.30253898800228,,,,2024-12-01 00:00:00,GBP,GBP per litre
2025,January,0.9198999999999999,1.4932677598377309,1.3675740321165972,1.43416042,0.5664399999999999,0.7468082800000001,119.908396175031,0.06658638788340285,124.61987828921497,,,,2025-01-01 00:00:00,GBP,GBP per litre
2025,February,0.9198999999999999,1.520181952326286,1.3934766107184706,1.4650302800000004,0.56055,0.7150011,113.80277502208324,0.07155366928152972,118.27435296128262,,,,2025-02-01 00:00:00,GBP,GBP per litre
2025,March,0.9198999999999999,1.5122126367255684,1.3763105106786082,1.4498021700000003,0.51993,0.6718817800000001,106.95143857268184,0.07349165932139215,111.15381143392746,,,,2025-03-01 00:00:00,GBP,GBP per litre
2025,April,0.9198999999999999,1.4973770524088754,1.3481215272993416,1.4172596,0.51095,0.64213162,97.69339628996832,0.0691380727006586,101.53199895647548,,,,2025-04-01 00:00:00,GBP,GBP per litre
2025,May,0.9198999999999999,1.4744569857355183,1.3231305310539423,1.3907099299999999,0.46393,0.62636594,92.62792492130733,0.06757939894605755,96.26749333738118,,,,2025-05-01 00:00:00,GBP,GBP per litre
2025,June,0.9198999999999999,1.4644566788972326,1.314677731824857,1.3747549400000003,0.49113999999999997,0.63903946,97.17109313456989,0.060077208175143254,100.98917328511205,,,,2025-06-01 00:00:00,GBP,GBP per litre
2025,July,0.9198999999999999,1.4860452113863212,1.3394421519193558,1.4083450199999998,0.53822,0.6927965899999999,101.50174944946455,0.06890286808064446,105.489991243571,,,,2025-07-01 00:00:00,GBP,GBP per litre
2025,August,0.9198999999999999,1.49155923069215,1.3445299000694106,1.4213032800000003,0.50714,0.6569430900000001,98.41937969094108,0.07677337993058955,102.28650794796556,,,,2025-08-01 00:00:00,GBP,GBP per litre
2025,September,0.9198999999999999,1.4902820605074105,1.3383876053521624,1.4156783000000004,0.49256,0.6689165000000001,95.61344088808004,0.07729069464783805,99.37031722860092,,,,2025-09-01 00:00:00,GBP,GBP per litre
2025,October,0.9198999999999999,1.4980238191332982,1.3477095740742875,1.4301776800000001,0.52339,0.67226825,93.78938766122376,0.0824681059257128,97.47459267239827,,,,2025-10-01 00:00:00,GBP,GBP per litre
2025,November,0.9198999999999999,1.501692538982301,1.349820620473197,1.4393835800000003,0.55829,0.7282049399999999,92.87955433535406,0.08956295952680307,96.52900986126762,,,,2025-11-01 00:00:00,GBP,GBP per litre
2025,December,0.9198999999999999,1.5194896454650297,1.365484449058694,1.4592238100000001,0.52477,0.6548046000000001,89.64146385929497,0.09373936094130611,93.1636872159133,,,,2025-12-01 00:00:00,GBP,GBP per litre
2026,January,0.9198999999999999,1.4900372256152168,1.3319472434705608,1.4241128200000006,0.5184300000000001,0.6443028,94.62932899657524,0.09216557652943975,98.34753727278132,,,,2026-01-01 00:00:00,GBP,GBP per litre
2026,February,0.9198999999999999,1.469852491180035,1.3138419752079917,1.41220542,0.53464,0.6601180000000001,95.74219585580757,0.09836344479200818,,,,,2026-02-01 00:00:00,GBP,GBP per litre
2026,March,0.9198999999999999,1.5530256159445321,1.404582943537705,1.5885450300000001,1.04051,0.9950896899999999,,0.18396208646229525,,,,,2026-03-01 00:00:00,GBP,GBP per litre
